,Restaurant_Id,Name,Rate,Count of Rates,deliveryTime
0,483,رستوران نیدا لانژ,4.13,16.0,20 تا 40 دقیقه
96,681,فست فود تی تی هات,3.77,78.0,40 تا 55 دقیقه
126,861,فست فود چیزی لاو,4.0,34.0,30 تا 45 دقیقه
209,340,رستوران بلو لایف تهران,0.0,0.0,25 تا 45 دقیقه
254,462,رستوران مطبخ شمرون,3.63,19.0,25 تا 45 دقیقه
342,264,جگر سرای آندراج,3.83,12.0,95 تا 145 دقیقه
360,685,فست فود تیک آبی,4.56,9.0,25 تا 45 دقیقه
419,654,فست فود بلوط,4.04,249.0,50 تا 60 دقیقه
428,476,رستوران نایب,4.41,491.0,40 تا 50 دقیقه
578,707,فست فود دراگون,4.29,194.0,30 تا 50 دقیقه
602,345,رستوران بوکا,4.51,264.0,35 تا 55 دقیقه
709,961,پیتزا پاپیون,4.44,502.0,25 تا 50 دقیقه
808,711,فست فود دهه شصت,3.73,55.0,30 تا 45 دقیقه
851,653,فست فود بلوبرگر,4.21,191.0,45 تا 55 دقیقه
894,977,چلوکباب ناب,4.03,200.0,25 تا 50 دقیقه
896,21,  تهران برگر,4.52,124.0,30 تا 50 دقیقه
979,704,فست فود دانوب,3.94,189.0,20 تا 45 دقیقه
983,733,فست فود سوخاری برگر,3.58,24.0,32 تا 52 دقیقه
1026,954,پیتزا هات,3.67,123.0,35 تا 50 دقیقه
1428,665,فست فود بیست تیک,3.72,150.0,55 تا 60 دقیقه
1465,602,فست فود VIP ظفر,3.95,137.0,25 تا 55 دقیقه
1508,555,رستوران گل یخ,3.69,501.0,20 تا 40 دقیقه
1518,36,  ذغالی برگر پارک,4.29,73.0,45 تا 55 دقیقه
1570,743,فست فود سیوان,4.26,136.0,30 تا 65 دقیقه
1612,6,  آفرود برگر,4.07,86.0,39 تا 61 دقیقه
1640,451,رستوران مالیبو,4.28,69.0,50 تا 85 دقیقه
1675,1078,کبابسرای توچال,3.43,14.0,20 تا 40 دقیقه
1819,934,پیتزا خانه,3.2,51.0,25 تا 40 دقیقه
1823,870,فست فود کاخک تیامو,4.13,264.0,25 تا 70 دقیقه
1847,200,تهیه غذای جوان,4.26,133.0,25 تا 55 دقیقه
1983,96,  کافه ساندویچی وان,3.65,86.0,50 تا 60 دقیقه
2070,1161,کته کباب طبرستان,3.99,252.0,70 تا 100 دقیقه
2129,683,فست فود تیاکو,4.63,81.0,40 تا 55 دقیقه
2153,418,رستوران صد و ده,4.03,58.0,30 تا 43 دقیقه
2187,803,فست فود مکروم,3.97,111.0,40 تا 60 دقیقه
2199,551,رستوران گردو,4.35,40.0,45 تا 75 دقیقه
2234,44,  سوخاری مهدی,4.27,286.0,45 تا 55 دقیقه
2252,1148,کترینگ پارسی,3.9,183.0,55 تا 60 دقیقه
2342,834,فست فود ونک,3.68,71.0,30 تا 50 دقیقه
2354,1157,کترینگ کریمخان (غفاری سابق),3.86,262.0,45 تا 50 دقیقه
2401,866,فست فود ژینر,4.14,37.0,20 تا 40 دقیقه
2452,285,رستوران آواچی,4.23,127.0,30 تا 60 دقیقه
3129,176,برگر مزرعه برگر,4.16,19.0,20 تا 40 دقیقه
3237,577,سوخاری آریو,4.39,377.0,35 تا 60 دقیقه
3272,923,پیتزا آیدا,4.29,14.0,15 تا 55 دقیقه
3283,105,  کبابخانه موسوی,4.52,92.0,40 تا 75 دقیقه
3414,316,رستوران ایتالیایی سورینو,4.26,43.0,50 تا 75 دقیقه
3435,748,فست فود شعله,4.03,74.0,30 تا 45 دقیقه
3449,841,فست فود پاییز,4.11,81.0,50 تا 80 دقیقه
3511,218,تهیه غذای سهیل,4.64,83.0,20 تا 50 دقیقه
3545,584,غذاکده مائده,4.17,46.0,45 تا 60 دقیقه
3563,237,تهیه غذای قلیه سرای بوشهری,3.8,5.0,30 تا 51 دقیقه
3606,964,پیتزا پیشخوان,3.9,58.0,40 تا 60 دقیقه
3698,63,  مرغ سوخاری دی,4.43,2527.0,35 تا 65 دقیقه
4609,177,بستنی جلاتو هاوس GelatoHouse,4.7,1377.0,15 تا 80 دقیقه
5065,561,رستوران گیلانه,4.36,321.0,50 تا 75 دقیقه
5545,827,فست فود هیوا,4.54,987.0,45 تا 55 دقیقه
5837,356,رستوران توتیا,3.87,865.0,45 تا 60 دقیقه
5865,1031,کافه رستوران هشت (Eight),4.24,323.0,45 تا 80 دقیقه
5870,857,فست فود چهار پنج شش,4.4,208.0,30 تا 50 دقیقه
5886,479,رستوران نمونه تهران,4.45,117.0,30 تا 55 دقیقه
5929,853,فست فود پیلوت,3.59,41.0,25 تا 50 دقیقه
6002,556,رستوران گلزار,4.01,139.0,40 تا 60 دقیقه
6130,370,رستوران خانه کوچک,4.34,719.0,35 تا 60 دقیقه
6584,224,تهیه غذای شاران,4.45,182.0,35 تا 60 دقیقه
6601,836,فست فود ویس لند,4.24,1589.0,45 تا 65 دقیقه
6836,23,  جوان,4.39,406.0,45 تا 55 دقیقه
7057,446,رستوران قیمه قرمه,4.3,324.0,40 تا 65 دقیقه
7208,554,رستوران گل محمدی,2.73,59.0,25 تا 65 دقیقه
7258,1029,کافه رستوران نایریکا,4.06,96.0,30 تا 55 دقیقه
7324,937,پیتزا در ب در,4.05,341.0,40 تا 70 دقیقه
7531,682,فست فود تیان,4.39,95.0,30 تا 60 دقیقه
7559,1137,کترینگ قائم,4.72,135.0,40 تا 60 دقیقه
7572,922,پیتزا آهو,4.14,147.0,40 تا 50 دقیقه
7644,619,فست فود آمادو,4.0,234.0,35 تا 65 دقیقه
7684,243,تهیه غذای مرشد چلویی,4.39,4595.0,30 تا 50 دقیقه
7830,298,رستوران الو کباب,4.23,65.0,35 تا 60 دقیقه
7835,936,پیتزا دانی,4.27,167.0,35 تا 50 دقیقه
7850,609,فست فود آرتین,4.2,120.0,35 تا 60 دقیقه
7874,209,تهیه غذای ریحانه,4.09,105.0,40 تا 55 دقیقه
7882,496,رستوران و فست فود آرمن,4.29,178.0,35 تا 50 دقیقه
7981,949,پیتزا مارتین,4.3,179.0,35 تا 50 دقیقه
8007,428,رستوران عرشیا سپهر دنیا,3.91,430.0,40 تا 80 دقیقه
8062,344,رستوران بوفالو,4.11,217.0,29 تا 56 دقیقه
8158,175,برگر زغالی,4.43,281.0,25 تا 40 دقیقه
8946,409,رستوران شاندیز گالریا,4.73,75.0,35 تا 65 دقیقه
9128,1075,کبابسرای آیدا,4.19,188.0,45 تا 70 دقیقه
9149,570,ساندویچ ویژه اژدر زاپاتا,3.93,28.0,40 تا 75 دقیقه
9150,204,تهیه غذای راد,4.15,775.0,45 تا 90 دقیقه
9194,753,فست فود شیث,4.23,155.0,40 تا 50 دقیقه
9234,754,فست فود شیدسا,4.18,418.0,40 تا 60 دقیقه
9271,503,رستوران و فست فود پرشین,3.99,95.0,25 تا 50 دقیقه
9278,112,  کنتاکی برگر KFS,3.32,87.0,30 تا 50 دقیقه
9339,410,رستوران شاهو,4.05,154.0,50 تا 75 دقیقه
9480,170,آشپزخانه نایب,4.24,406.0,60 تا 70 دقیقه
9640,420,رستوران صدف 2,4.18,221.0,70 تا 75 دقیقه
9655,282,رستوران آماتا,4.04,119.0,35 تا 70 دقیقه
9879,310,رستوران ایتالیایی تومو,4.21,38.0,30 تا 65 دقیقه
10050,592,غذای‌ایرانی دریا,4.39,283.0,30 تا 65 دقیقه
10171,148,آشپزخانه امیران,4.19,108.0,30 تا 60 دقیقه
10202,101,  کافه کباب حسینی,4.08,37.0,55 تا 80 دقیقه
10237,213,تهیه غذای زیتون,4.43,49.0,30 تا 50 دقیقه
10241,962,پیتزا پنجره,4.38,268.0,30 تا 45 دقیقه
10279,449,رستوران لیمو ریحون,3.91,99.0,25 تا 70 دقیقه
10331,337,رستوران برگ سبز,4.23,26.0,40 تا 50 دقیقه
10337,182,تهیه غذای آریا پخت,4.48,111.0,50 تا 65 دقیقه
10344,613,فست فود آریو,4.26,223.0,20 تا 40 دقیقه
10398,191,تهیه غذای امیر رضا دهقانی,4.46,92.0,25 تا 55 دقیقه
10407,374,رستوران خوان سالار,3.68,293.0,35 تا 65 دقیقه
10459,265,جگرکی شبزدگان,4.43,109.0,30 تا 50 دقیقه
10501,464,رستوران معلم,4.07,45.0,20 تا 40 دقیقه
10504,274,رستوران آب و آتش بناب,3.64,75.0,50 تا 75 دقیقه
10520,1102,کترینگ اسنوژی,3.88,25.0,50 تا 60 دقیقه
10597,794,فست فود مریخ,4.11,262.0,30 تا 55 دقیقه
10622,231,تهیه غذای صدر اعظم,3.39,67.0,50 تا 75 دقیقه
10654,636,فست فود ای تی اف ATF,4.0,262.0,50 تا 60 دقیقه
10681,845,فست فود پله,3.74,70.0,40 تا 60 دقیقه
10709,391,رستوران ریواس,4.31,297.0,30 تا 55 دقیقه
10754,64,  مرغ سوخاری پنگوئن,4.01,89.0,20 تا 36 دقیقه
10789,946,پیتزا غزال,3.81,47.0,20 تا 40 دقیقه
10839,718,فست فود دوگر چیکن,4.38,181.0,20 تا 40 دقیقه
10875,1057,کافه ویونا,4.25,8.0,30 تا 45 دقیقه
10902,174,اغذیه هاریکا,4.41,296.0,45 تا 55 دقیقه
10908,1096,کترینگ آرون,4.19,118.0,40 تا 80 دقیقه
10940,1118,کترینگ حس تازگی,4.07,274.0,40 تا 50 دقیقه
10951,300,رستوران امیر,4.46,472.0,30 تا 55 دقیقه
11041,921,پیتزا آتیش (وحدت),3.89,18.0,50 تا 70 دقیقه
11051,45,  شمرون کباب,4.5,526.0,30 تا 60 دقیقه
13106,229,تهیه غذای شیرین پلو,4.76,25.0,30 تا 50 دقیقه
13112,388,رستوران رندی,3.77,57.0,25 تا 42 دقیقه
13611,519,رستوران چاشنی,3.9,102.0,60 تا 90 دقیقه
13670,70,  مستر دیزی,4.75,16.0,20 تا 40 دقیقه
13809,173,اغذیه لوتوس,4.49,228.0,25 تا 60 دقیقه
13863,151,آشپزخانه تیان,4.29,68.0,33 تا 59 دقیقه
13902,1132,کترینگ طهماسب,4.24,229.0,30 تا 50 دقیقه
13944,560,رستوران گیاهی پیور,4.24,170.0,30 تا 60 دقیقه
14569,728,فست فود ستاره بارون,4.49,59.0,28 تا 44 دقیقه
14580,457,رستوران محک,4.17,160.0,35 تا 60 دقیقه
14619,873,فست فود کاکتوس,4.08,98.0,25 تا 45 دقیقه
14639,987,کافه رستوران eighty eight,4.11,36.0,22 تا 42 دقیقه
14661,1163,گروه غذایی ونوس,4.0,94.0,24 تا 39 دقیقه
14711,1136,کترینگ فی دار,3.7,80.0,30 تا 50 دقیقه
14734,400,رستوران سنتی باغ فردوس,4.35,31.0,20 تا 40 دقیقه
14749,254,تهیه غذای پارسی,3.9,60.0,32 تا 54 دقیقه
14825,290,رستوران ارکیده,4.23,39.0,34 تا 68 دقیقه
14829,358,رستوران جاست سالاد,4.2,25.0,40 تا 80 دقیقه
14901,381,رستوران دوسانلی,4.43,94.0,20 تا 40 دقیقه
14906,667,فست فود بیگ بوی,4.41,155.0,35 تا 70 دقیقه
15055,397,رستوران سالی,3.76,37.0,30 تا 50 دقیقه
15065,757,فست فود صدف (فرجام),4.0,148.0,34 تا 53 دقیقه
15070,573,سفره خانه سنتی الهیه,3.67,9.0,20 تا 40 دقیقه
15280,546,رستوران کومه,4.33,30.0,20 تا 40 دقیقه
15281,444,رستوران فلوت,4.04,50.0,32 تا 53 دقیقه
15359,852,فست فود پیدن,4.09,112.0,30 تا 45 دقیقه
15379,142,آبمیوه و بستنی یاسر,3.95,116.0,22 تا 41 دقیقه
15451,890,فست فود گل سرخ,3.97,31.0,25 تا 65 دقیقه
15457,717,فست فود دوپینگ,3.92,24.0,30 تا 50 دقیقه
15490,470,رستوران مورانو,3.65,31.0,20 تا 40 دقیقه
15546,843,فست فود پدر خوب,3.91,310.0,40 تا 65 دقیقه
15584,76,  هات داگ سنتر,4.06,34.0,20 تا 40 دقیقه
15586,407,رستوران شاندیز جردن,4.65,295.0,55 تا 65 دقیقه
16368,785,فست فود لیالی بیروت,3.6,10.0,19 تا 33 دقیقه
16384,512,رستوران پدینو,3.96,25.0,20 تا 40 دقیقه
16412,688,فست فود جنیس,3.88,1318.0,30 تا 50 دقیقه
16477,1105,کترینگ ایلیا طبخ,3.78,166.0,24 تا 48 دقیقه
16530,735,فست فود سورن,4.45,274.0,31 تا 55 دقیقه
16566,844,فست فود پدر و پسر,4.64,11.0,15 تا 30 دقیقه
16571,620,فست فود آمادو شهرک گلستان,4.71,69.0,12 تا 22 دقیقه
16573,872,فست فود کاواک,4.49,67.0,20 تا 40 دقیقه
16586,1065,کافه گذر,4.63,27.0,30 تا 45 دقیقه
16601,507,رستوران وک اند رول,4.28,25.0,20 تا 40 دقیقه
16637,331,رستوران بارکو,3.26,39.0,30 تا 45 دقیقه
16951,357,رستوران تورینو,3.13,183.0,30 تا 45 دقیقه
17002,432,رستوران عمارت شهرری,4.41,78.0,25 تا 45 دقیقه
17008,205,تهیه غذای رادبانو,4.33,6.0,20 تا 40 دقیقه
17012,1113,کترینگ ترنم,3.83,104.0,35 تا 60 دقیقه
17016,79,  هیوا کباب,4.49,126.0,30 تا 60 دقیقه
17061,800,فست فود ملچ ملوچ,0.0,0.0,25 تا 45 دقیقه
17063,506,رستوران واسابی,2.78,9.0,40 تا 60 دقیقه
17482,94,  کافه رستوران سیتکا,4.48,27.0,30 تا 45 دقیقه
17517,747,فست فود شاوور,3.54,41.0,20 تا 40 دقیقه
17537,456,رستوران محمدیه,3.76,42.0,30 تا 60 دقیقه
17570,581,سوخاری یامی کنتاکی,4.33,12.0,20 تا 40 دقیقه
17615,684,فست فود تیمو,3.65,46.0,20 تا 40 دقیقه
17669,541,رستوران کلاسیک پردیس,3.33,30.0,25 تا 45 دقیقه
17701,588,غذای خانگی مهرگان,3.88,48.0,20 تا 40 دقیقه
17724,284,رستوران آوا پلاس,0.0,0.0,20 تا 40 دقیقه
17728,208,تهیه غذای ریحان,3.5,12.0,20 تا 40 دقیقه
17745,1063,کافه کباب کوچه باغ,0.0,0.0,20 تا 30 دقیقه
17746,726,فست فود سان پیتزا,0.0,0.0,30 تا 45 دقیقه
17770,892,فست فود گلد فود,2.82,11.0,30 تا 45 دقیقه
17775,997,کافه رستوران جوجه تیغی,0.0,0.0,30 تا 45 دقیقه
17813,799,فست فود مسعود (دوته),0.0,0.0,30 تا 45 دقیقه
17828,1151,کترینگ پریزاد,3.72,75.0,40 تا 65 دقیقه
17859,90,  چیکن باکس,4.64,28.0,25 تا 50 دقیقه
17867,1140,کترینگ مسچی,3.86,128.0,25 تا 50 دقیقه
17952,43,  سرای علا - Seray Ala,4.52,21.0,30 تا 60 دقیقه
18088,565,ساندویچ الف,4.67,12.0,30 تا 60 دقیقه
18106,981,کافه بالون,0.0,0.0,40 تا 60 دقیقه
18112,477,رستوران نسن,4.15,26.0,
18128,249,تهیه غذای میزبان,3.5,24.0,30 تا 50 دقیقه
18143,668,فست فود بیگزا,0.0,0.0,35 تا 65 دقیقه
18180,104,  کبابخانه آوا,4.11,126.0,30 تا 50 دقیقه
18275,975,چلوکباب زیتون,0.0,0.0,20 تا 30 دقیقه
18277,325,رستوران ایران توچال,4.56,78.0,40 تا 60 دقیقه
18381,1017,کافه رستوران لومیر,0.0,0.0,30 تا 45 دقیقه
18382,617,فست فود آفتابگردان,4.37,19.0,
18384,985,کافه تایم,0.0,0.0,
18385,189,تهیه غذای الیزه,3.72,36.0,
18411,982,کافه بستنی لالالند,0.0,0.0,30 تا 40 دقیقه
18412,589,غذای خانگی پویا,2.2,5.0,40 تا 60 دقیقه
18453,888,فست فود گریل لند,0.0,0.0,25 تا 45 دقیقه
18469,631,فست فود الیستا,4.65,210.0,40 تا 60 دقیقه
18511,1106,کترینگ ایلیات,4.32,88.0,
18555,1109,کترینگ بهنام,0.0,0.0,30 تا 50 دقیقه
18556,1094,کترینگ آترا,3.26,23.0,40 تا 60 دقیقه
18607,106,  کترینگ بانوی نمونه,4.4,10.0,20 تا 40 دقیقه
18612,366,رستوران حقیقت,4.27,11.0,25 تا 50 دقیقه
18657,1073,کباب ساطوری بناب دنیز,4.23,73.0,25 تا 45 دقیقه
18667,650,فست فود برگرمون,0.0,0.0,40 تا 60 دقیقه
18692,960,پیتزا پارک,3.79,78.0,40 تا 60 دقیقه
18727,691,فست فود جیلیز ویلیز,4.23,44.0,50 تا 80 دقیقه
18834,426,رستوران طهرونچی,4.16,43.0,40 تا 60 دقیقه
18985,883,فست فود کوکورچ,3.84,57.0,40 تا 60 دقیقه
19017,980,کافه آلپا,0.0,0.0,
19018,594,غذای‌ایرانی سوفیا,0.0,0.0,40 تا 60 دقیقه
19028,1033,کافه رستوران ونتی,0.0,0.0,25 تا 50 دقیقه
19031,509,رستوران پارسیان,3.29,7.0,25 تا 50 دقیقه
19038,804,فست فود مکسان فود,3.17,23.0,15 تا 25 دقیقه
19623,303,رستوران اکبر جوجه (برادران کلبادی),2.9,40.0,50 تا 70 دقیقه
19630,57,  فودینو,0.0,0.0,40 تا 60 دقیقه
19726,417,رستوران شیکاگو گریل,4.33,18.0,25 تا 45 دقیقه
20459,392,رستوران زیتون,3.87,23.0,25 تا 45 دقیقه
20494,24,  جگر سرای لیمو,0.0,0.0,25 تا 50 دقیقه
20497,257,تهیه غذای پلو قالبی,4.03,33.0,25 تا 50 دقیقه
20559,65,  مرغ سوخاری چیک چیک,4.0,4.0,20 تا 40 دقیقه
20594,78,  هورسان بیسترو,4.56,9.0,30 تا 60 دقیقه
20652,230,تهیه غذای صد وده (110),3.86,7.0,30 تا 45 دقیقه
20660,1018,کافه رستوران لیان,4.0,4.0,30 تا 50 دقیقه
20738,536,رستوران کباب و چلو کباب عمو حسین,3.0,5.0,25 تا 50 دقیقه
20794,572,ساندویچ کلکچال,0.0,0.0,25 تا 50 دقیقه
20867,832,فست فود ورنا,4.54,13.0,25 تا 50 دقیقه
20925,1010,کافه رستوران عدن,0.0,0.0,30 تا 60 دقیقه
20926,1153,کترینگ پلو شاهی,0.0,0.0,25 تا 50 دقیقه
20977,216,تهیه غذای سبحان,3.76,29.0,25 تا 50 دقیقه
20992,210,تهیه غذای زرشک پلو,0.0,0.0,40 تا 60 دقیقه
20999,598,فست فود 222,2.71,7.0,30 تا 60 دقیقه
21063,1121,کترینگ رادمز,4.18,66.0,25 تا 40 دقیقه
21119,447,رستوران لبنانی الریعان,3.0,4.0,30 تا 60 دقیقه
21200,831,فست فود وانیشا,0.0,0.0,20 تا 40 دقیقه
21232,489,رستوران هلوو شف,3.8,5.0,25 تا 50 دقیقه
21844,1095,کترینگ آرشه,0.0,0.0,30 تا 45 دقیقه
21887,695,فست فود حامی فود,3.44,9.0,50 تا 80 دقیقه
21888,156,آشپزخانه دیبا,4.07,43.0,60 تا 80 دقیقه
21993,440,رستوران فرش کیت,0.0,0.0,35 تا 55 دقیقه
22683,1103,کترینگ اسپاد,4.0,162.0,25 تا 45 دقیقه
22743,145,آش و حلیم سید مهدی,3.99,123.0,40 تا 55 دقیقه
23342,1056,کافه نفس,4.32,56.0,20 تا 40 دقیقه
23517,797,فست فود مستر شف,0.0,0.0,25 تا 50 دقیقه
23524,530,رستوران کافه طباخی فانوس,0.0,0.0,40 تا 60 دقیقه
23525,468,رستوران مهربانو,3.71,14.0,
23579,524,رستوران چیت دی,4.62,21.0,30 تا 50 دقیقه
23597,628,فست فود اسفناج,2.33,6.0,25 تا 45 دقیقه
23652,916,مرغ سوخاری اورنجیک,4.21,28.0,30 تا 60 دقیقه
23679,32,  دوستین,0.0,0.0,
23870,1079,کبابسرای حاج محمد و پسران,1.8,5.0,30 تا 60 دقیقه
24009,233,تهیه غذای طیبات,4.88,32.0,
24021,1122,کترینگ رویای سبز,3.85,68.0,25 تا 45 دقیقه
24049,708,فست فود دلفین,4.79,28.0,45 تا 55 دقیقه
24054,1155,کترینگ کترا,3.8,75.0,15 تا 30 دقیقه
24076,460,رستوران مرغ ذغالی لبنانی طاووق,3.0,5.0,15 تا 30 دقیقه
24081,474,رستوران ناب بناب,4.58,24.0,30 تا 45 دقیقه
24134,1142,کترینگ نارنجستان,3.9,40.0,35 تا 60 دقیقه
24308,1044,کافه رستوران گل یاس,0.0,0.0,25 تا 40 دقیقه
24329,878,فست فود کلیز برگر,4.48,23.0,30 تا 50 دقیقه
24379,972,چلوکباب برکت گلپایگان,4.41,17.0,30 تا 50 دقیقه
24383,287,رستوران ادیب نو,0.0,0.0,40 تا 60 دقیقه
24389,1143,کترینگ نان و نمک,4.6,5.0,20 تا 40 دقیقه
24391,1071,کباب ساطوری بناب آتیش,4.17,12.0,45 تا 60 دقیقه
24396,369,رستوران خانه پیتزا,3.92,26.0,25 تا 45 دقیقه
24433,911,مجموعه غذایی پردیس,3.67,24.0,20 تا 40 دقیقه
24440,1124,کترینگ زعفرون اصیل,4.07,58.0,40 تا 60 دقیقه
24470,1023,کافه رستوران مایلند,0.0,0.0,15 تا 30 دقیقه
24521,352,رستوران ترکی ایرانی مانتار,0.0,0.0,20 تا 40 دقیقه
24546,3,  TASTING KITCHEN,4.28,50.0,60 تا 120 دقیقه
24547,312,رستوران ایتالیایی دانته,2.83,12.0,25 تا 45 دقیقه
24566,974,چلوکباب خلیلی,3.8,15.0,15 تا 30 دقیقه
24571,485,رستوران هان جان,3.86,28.0,15 تا 30 دقیقه
24676,1134,کترینگ فامیلی,4.52,21.0,20 تا 35 دقیقه
24851,324,رستوران ایتالیایی ژوانی,0.0,0.0,40 تا 70 دقیقه
24856,502,رستوران و فست فود وانوش,3.6,10.0,30 تا 60 دقیقه
24872,819,فست فود هات باکس,4.39,23.0,25 تا 45 دقیقه
25109,478,رستوران نقش جهان,4.54,13.0,20 تا 35 دقیقه
25120,424,رستوران طریقت اقدسیه,4.27,60.0,40 تا 70 دقیقه
25344,341,رستوران بمب و مین,4.02,43.0,25 تا 45 دقیقه
25469,1120,کترینگ خوراکچی,3.53,15.0,35 تا 65 دقیقه
25525,198,تهیه غذای جمکران,4.33,36.0,30 تا 60 دقیقه
25553,114,  گالریا برگر,3.8,5.0,20 تا 40 دقیقه
25594,553,رستوران گرین بار (پیشخوان سبز),0.0,0.0,30 تا 50 دقیقه
25635,538,رستوران کبابیکا,0.0,0.0,25 تا 45 دقیقه
25676,578,سوخاری البیک,2.33,9.0,40 تا 60 دقیقه
25717,384,رستوران دیگ و دیزی,0.0,0.0,30 تا 50 دقیقه
25798,180,بوفه و بار پلن بی,0.0,0.0,15 تا 25 دقیقه
26056,385,رستوران رجینا,0.0,0.0,25 تا 45 دقیقه
26097,1070,کباب ذغالی حاتم,4.17,113.0,20 تا 35 دقیقه
26204,354,رستوران ته دیگ زعفرانی,2.87,15.0,20 تا 40 دقیقه
26206,378,رستوران دمکافه,3.75,8.0,15 تا 25 دقیقه
26448,1150,کترینگ پردیسان,4.39,62.0,30 تا 40 دقیقه
26492,334,رستوران باکس کلاسیک,4.27,22.0,30 تا 50 دقیقه
26621,1117,کترینگ حامد,3.69,26.0,25 تا 45 دقیقه
26664,558,رستوران گلپر,0.0,0.0,25 تا 45 دقیقه
26805,323,رستوران ایتالیایی ژمیس,3.8,5.0,25 تا 45 دقیقه
26855,135, کلاسیک برگر جوینت,4.6,5.0,25 تا 50 دقیقه
26899,1060,کافه پاییز,0.0,0.0,25 تا 45 دقیقه
26917,720,فست فود دیان فود,0.0,0.0,30 تا 50 دقیقه
26919,375,رستوران خوش پخت,4.23,13.0,25 تا 50 دقیقه
26949,1098,کترینگ آقا جون,0.0,0.0,25 تا 45 دقیقه
26962,1108,کترینگ بهشت,3.98,41.0,25 تا 45 دقیقه
27032,450,رستوران مارسیا,0.0,0.0,20 تا 40 دقیقه
27079,719,فست فود دژ,3.33,6.0,25 تا 45 دقیقه
27111,576,سفره خانه سنتی گلخونه,0.0,0.0,25 تا 45 دقیقه
27140,1146,کترینگ نیکو منش,0.0,0.0,25 تا 45 دقیقه
27141,904,مجموعه غذایی اصیل تبریز,3.8,5.0,25 تا 45 دقیقه
27185,192,تهیه غذای اکسیر جوجه,3.4,5.0,25 تا 50 دقیقه
27337,1024,کافه رستوران ملو,0.0,0.0,25 تا 45 دقیقه
27382,1019,کافه رستوران لیدو پلاس,0.0,0.0,25 تا 45 دقیقه
27406,1141,کترینگ مهرتاب,0.0,0.0,25 تا 45 دقیقه
27436,327,رستوران ایوان ایرانی آپادانا,4.11,9.0,
27483,809,فست فود نارون,3.8,5.0,25 تا 45 دقیقه
27545,632,فست فود اپیک برگر,0.0,0.0,25 تا 45 دقیقه
27563,491,رستوران همت,5.0,7.0,25 تا 50 دقیقه
27570,355,رستوران تهران شمال,0.0,0.0,25 تا 45 دقیقه
27827,235,تهیه غذای فاخر,4.68,37.0,25 تا 45 دقیقه
27870,271,دیزی سرای دیدار,4.33,6.0,25 تا 50 دقیقه
28099,1156,کترینگ کته دیگ,3.98,43.0,40 تا 55 دقیقه
28119,56,  فود کمپانی,0.0,0.0,25 تا 45 دقیقه
28377,806,فست فود میم دونر,3.0,6.0,25 تا 45 دقیقه
28378,248,تهیه غذای مهر آریا,2.33,6.0,54 تا 89 دقیقه
28389,1152,کترینگ پلو تاپ,0.0,0.0,25 تا 45 دقیقه
28391,387,رستوران رستینو,4.0,12.0,25 تا 40 دقیقه
28570,1127,کترینگ شایسته,4.33,15.0,25 تا 45 دقیقه
28646,1139,کترینگ مستر,0.0,0.0,25 تا 45 دقیقه
28654,1032,کافه رستوران ولفزدن,0.0,0.0,60 تا 120 دقیقه
28655,1021,کافه رستوران مانزا,4.0,4.0,25 تا 45 دقیقه
28723,30,  در ب در پلاس,4.2,5.0,25 تا 45 دقیقه
28876,103,  کباب سنتی بناب,3.8,5.0,40 تا 60 دقیقه
28901,1101,کترینگ ارغوان,4.4,116.0,25 تا 45 دقیقه
29383,27,  خروس,4.56,299.0,25 تا 45 دقیقه
30106,1100,کترینگ آوا,3.7,57.0,25 تا 45 دقیقه
30191,434,رستوران غذای ایرانی طاق,4.45,22.0,25 تا 45 دقیقه
30256,983,کافه بستنی لویجى,0.0,0.0,25 تا 45 دقیقه
30269,1131,کترینگ طعام یاس,0.0,0.0,25 تا 45 دقیقه
30570,930,پیتزا تنوری پاپا,0.0,0.0,25 تا 45 دقیقه
30574,769,فست فود فست ویچ,4.26,27.0,25 تا 45 دقیقه
30641,591,غذای‌ایرانی بام,3.86,7.0,25 تا 45 دقیقه
30655,421,رستوران ضیافت نو,3.74,35.0,25 تا 45 دقیقه
30716,879,فست فود کهکشان,3.85,33.0,25 تا 45 دقیقه
30838,350,رستوران بین‌الملل سوشیران,4.9,21.0,40 تا 65 دقیقه
31167,195,تهیه غذای بهار نارنج,5.0,5.0,25 تا 45 دقیقه
31168,723,فست فود رکورد,2.5,4.0,20 تا 40 دقیقه
31183,1159,کترینگ کوفته ریزه,5.0,6.0,40 تا 60 دقیقه
31193,710,فست فود دنیز,0.0,0.0,25 تا 45 دقیقه
31197,183,تهیه غذای آریو,4.78,9.0,25 تا 45 دقیقه
31258,787,فست فود لیمو,3.31,13.0,25 تا 45 دقیقه
31320,786,فست فود لیما,0.0,0.0,25 تا 45 دقیقه
31470,634,فست فود اژدرلند,3.0,4.0,25 تا 45 دقیقه
31490,995,کافه رستوران تارخ,0.0,0.0,25 تا 45 دقیقه
31492,1115,کترینگ ته چین نادیا,3.8,10.0,25 تا 45 دقیقه
31541,1058,کافه پارادیزو,0.0,0.0,25 تا 45 دقیقه
31580,608,فست فود آربی برگر,0.0,0.0,25 تا 45 دقیقه
31655,1,  ASIAN KITCHEN,4.6,5.0,30 تا 60 دقیقه
31786,307,رستوران ایتالیایی اوبسو شف,4.17,12.0,25 تا 45 دقیقه
31826,611,فست فود آریمان,4.0,8.0,25 تا 45 دقیقه
31843,623,فست فود آوان برگر,0.0,0.0,30 تا 60 دقیقه
31862,655,فست فود بلک برگر,3.8,10.0,25 تا 45 دقیقه
31966,118, آشپزخانه ایتالیایی هناس,5.0,9.0,25 تا 45 دقیقه
32012,1111,کترینگ تافته,0.0,0.0,25 تا 45 دقیقه
32015,318,رستوران ایتالیایی لوانته,0.0,0.0,25 تا 45 دقیقه
32029,1097,کترینگ آفتابگردان طلایی,4.71,7.0,25 تا 45 دقیقه
32118,304,رستوران اکبر جوجه (شهرک غرب ),4.2,5.0,25 تا 45 دقیقه
32262,542,رستوران کندو کباب,0.0,0.0,20 تا 40 دقیقه
32294,978,کافه GRAB & GO,5.0,4.0,25 تا 45 دقیقه
32400,919,مطبخ چلو ملو,4.6,5.0,25 تا 45 دقیقه
32409,749,فست فود شقایق,0.0,0.0,50 تا 100 دقیقه
32634,262,تهیه غذای کسری,0.0,0.0,25 تا 45 دقیقه
32635,525,رستوران چینو سوخاری,0.0,0.0,45 تا 65 دقیقه
32850,292,رستوران استار نایت,0.0,0.0,25 تا 45 دقیقه
32858,526,رستوران ژاپنی سوشی آی,4.82,22.0,25 تا 45 دقیقه
33296,2,  FreshBox,0.0,0.0,25 تا 45 دقیقه
33297,642,فست فود بربر,0.0,0.0,25 تا 45 دقیقه
33302,1085,کبابسرای شیخ بهایی,3.89,9.0,25 تا 45 دقیقه
33313,1138,کترینگ لقمه,0.0,0.0,25 تا 45 دقیقه
33324,266,جگرکی مستر باربیکیو,4.6,5.0,25 تا 45 دقیقه
33335,821,فست فود هاتزیلا,3.69,49.0,30 تا 60 دقیقه
33432,155,آشپزخانه خاندان,4.11,9.0,25 تا 45 دقیقه
33538,1107,کترینگ برکت,4.56,9.0,25 تا 45 دقیقه
33558,1123,کترینگ زرشک,5.0,4.0,25 تا 45 دقیقه
33570,716,فست فود دونر پارک,0.0,0.0,25 تا 45 دقیقه
33617,571,ساندویچ پترو,0.0,0.0,25 تا 45 دقیقه
33618,486,رستوران هانزو,0.0,0.0,30 تا 60 دقیقه
33680,564,رستوران یکتا پخت گلفام,0.0,0.0,25 تا 45 دقیقه
33694,762,فست فود عربی  لحمه,2.6,5.0,25 تا 45 دقیقه
33751,1135,کترینگ فونسا,0.0,0.0,25 تا 45 دقیقه
33926,1154,کترینگ چلو درباری,0.0,0.0,25 تا 45 دقیقه
33998,768,فست فود فردی فود,0.0,0.0,25 تا 50 دقیقه
34090,801,فست فود ممل برگر,0.0,0.0,25 تا 45 دقیقه
34098,595,غذای‌ایرانی فردی فود,0.0,0.0,25 تا 45 دقیقه
34191,698,فست فود خانه سوخاری چندونه ای,0.0,0.0,25 تا 45 دقیقه
34436,353,رستوران تمشی,0.0,0.0,25 تا 45 دقیقه
34604,1062,کافه کانکشن,0.0,0.0,25 تا 45 دقیقه
34605,1149,کترینگ پدر,0.0,0.0,25 تا 45 دقیقه
34613,912,مجموعه غذایی پلاس,3.93,2637.0,45 تا 75 دقیقه
34679,687,فست فود جعفرآقا,4.15,3036.0,30 تا 50 دقیقه
34742,913,مجموعه غذایی کباب چی,4.45,478.0,30 تا 60 دقیقه
34811,367,رستوران خاش پز,2.96,51.0,25 تا 45 دقیقه
34823,900,فست فود یاسر,4.3,1682.0,35 تا 55 دقیقه
34845,618,فست فود آقاجون,4.32,3462.0,50 تا 60 دقیقه
34876,368,رستوران خانه تاریخی یزدان پناه,3.86,590.0,55 تا 60 دقیقه
34938,338,رستوران بزرگ شاندیز,4.37,221.0,25 تا 45 دقیقه
34999,563,رستوران یوشیتا,3.95,809.0,40 تا 65 دقیقه
35065,758,فست فود صفا,4.45,1397.0,30 تا 55 دقیقه
35091,864,فست فود چیکا,4.44,386.0,30 تا 60 دقیقه
35127,138,آبمیوه و بستنی دوپینگی,4.49,341.0,35 تا 120 دقیقه
35138,860,فست فود چیترچیکن,4.41,4011.0,40 تا 60 دقیقه
35204,459,رستوران مرتضوی,4.6,8939.0,35 تا 60 دقیقه
35271,1014,کافه رستوران فیلیا (الغدیر),4.2,1736.0,50 تا 75 دقیقه
35339,416,رستوران شهر غذا,4.53,9447.0,55 تا 60 دقیقه
35366,901,فست فود یوشیتا,4.29,7516.0,35 تا 65 دقیقه
35432,965,پیتزا چترا,3.91,1019.0,50 تا 120 دقیقه
35447,903,مجموعه غذایی اسپرانتو,4.23,2687.0,45 تا 85 دقیقه
35484,699,فست فود خانه پنیر,4.42,5164.0,30 تا 50 دقیقه
35511,914,مجموعه غذایی کیپو,4.25,10434.0,50 تا 65 دقیقه
35577,871,فست فود کاروس,4.5,6000.0,45 تا 55 دقیقه
35644,296,رستوران البرز,4.43,1764.0,45 تا 60 دقیقه
35692,969,پیتزا گلین,4.12,1116.0,50 تا 55 دقیقه
35710,1090,کبابی فدک,4.3,3230.0,55 تا 70 دقیقه
35772,17,  بستنی داداش علی,4.35,12868.0,35 تا 85 دقیقه
35799,29,  دامزی فود,4.34,1360.0,25 تا 55 دقیقه
35821,251,تهیه غذای نامدار,4.29,4850.0,35 تا 60 دقیقه
35847,590,غذای خانگی چاشتینو,4.37,6039.0,45 تا 55 دقیقه
35915,612,فست فود آرین,3.78,162.0,30 تا 55 دقیقه
35928,67,  مرمرفود,3.83,2059.0,55 تا 65 دقیقه
35961,761,فست فود عالیتا,3.82,311.0,30 تا 65 دقیقه
35975,346,رستوران بیست,4.29,1095.0,25 تا 60 دقیقه
35982,777,فست فود فیله,4.17,955.0,40 تا 50 دقیقه
36000,1144,کترینگ نمونه (بلوارامین),4.22,2925.0,45 تا 65 دقیقه
36064,1082,کبابسرای سلطان,4.37,429.0,55 تا 70 دقیقه
36076,895,فست فود گود فود,4.32,2432.0,35 تا 60 دقیقه
36142,920,نان داغ کباب داغ بهشت,4.29,296.0,30 تا 50 دقیقه
36164,50,  غذای دریایی ناخدا مهران,4.67,444.0,35 تا 60 دقیقه
36208,938,پیتزا درکیا,4.49,464.0,25 تا 55 دقیقه
36231,908,مجموعه غذایی جورابچی,4.22,1391.0,45 تا 70 دقیقه
36300,1114,کترینگ تشریفاتی استقلال,4.4,2819.0,35 تا 50 دقیقه
36350,215,تهیه غذای سالم,3.85,1085.0,40 تا 120 دقیقه
36373,413,رستوران شقایق,4.34,950.0,35 تا 50 دقیقه
36403,188,تهیه غذای الهیه,4.51,2699.0,50 تا 70 دقیقه
36426,826,فست فود هیما,3.87,651.0,55 تا 75 دقیقه
36431,780,فست فود قاصدک,4.18,677.0,40 تا 75 دقیقه
36442,242,تهیه غذای مدیران,4.17,1578.0,45 تا 80 دقیقه
36469,445,رستوران قوام,3.72,821.0,25 تا 60 دقیقه
36478,539,رستوران کریشک دنر,4.13,1927.0,40 تا 65 دقیقه
36545,851,فست فود پیتزا پیتزا,4.52,2151.0,35 تا 60 دقیقه
36573,744,فست فود شادی,4.22,143.0,40 تا 55 دقیقه
36607,678,فست فود توپولی,4.12,735.0,40 تا 60 دقیقه
36644,855,فست فود چارمین,4.12,2512.0,65 تا 85 دقیقه
36714,624,فست فود آویشن,3.81,285.0,40 تا 70 دقیقه
36733,715,فست فود دوفر,4.38,742.0,55 تا 85 دقیقه
36798,824,فست فود هشتگ,4.29,286.0,35 تا 65 دقیقه
36817,25,  حلیم و کباب طهران,4.0,582.0,45 تا 60 دقیقه
36851,568,ساندویچ نون سفید,4.49,837.0,25 تا 50 دقیقه
36890,22,  تهیه غذا و کترینگ خاتون گیلان,3.99,220.0,55 تا 85 دقیقه
36931,227,تهیه غذای شهر ما,4.33,1224.0,35 تا 60 دقیقه
36933,349,رستوران بین المللی ارزندی,4.3,998.0,40 تا 70 دقیقه
36993,492,رستوران همه چی کباب,4.27,135.0,20 تا 60 دقیقه
36999,766,فست فود فامیلی,3.85,751.0,40 تا 55 دقیقه
37025,232,تهیه غذای طعم برتر,4.16,1485.0,45 تا 60 دقیقه
37051,228,تهیه غذای شوکا,4.19,387.0,40 تا 65 دقیقه
37071,984,کافه بیکری آفرینان,4.37,294.0,20 تا 55 دقیقه
37102,1162,گروه غذایی لاجوردی,4.29,1997.0,50 تا 60 دقیقه
37113,1133,کترینگ غذای خوب,4.05,934.0,45 تا 65 دقیقه
37172,910,مجموعه غذایی زعفرانیه,4.31,435.0,40 تا 50 دقیقه
37240,1112,کترینگ تالار زیتون,4.02,200.0,20 تا 40 دقیقه
37283,641,فست فود باما,4.26,2830.0,35 تا 45 دقیقه
37409,781,فست فود قصر,4.13,1430.0,40 تا 70 دقیقه
37471,458,رستوران مدائن,4.61,904.0,20 تا 40 دقیقه
37534,35,  دیزی بار,4.09,450.0,55 تا 60 دقیقه
37594,950,پیتزا مامک,4.08,324.0,20 تا 40 دقیقه
37648,750,فست فود شمرون,4.22,18.0,20 تا 40 دقیقه
37666,874,فست فود کتلت شیرازی,4.0,586.0,20 تا 40 دقیقه
37690,4,  آبلمبو,3.91,219.0,30 تا 60 دقیقه
37754,696,فست فود خاص,3.84,83.0,25 تا 50 دقیقه
37760,144,آش و حلیم سید حسین,4.2,431.0,45 تا 80 دقیقه
37788,126, مرغ بریان ذغالی یک,4.29,62.0,30 تا 50 دقیقه
37811,549,رستوران گردان سیرنگ,4.08,13.0,20 تا 40 دقیقه
37853,54,  فلافل پنگوئن,4.06,145.0,20 تا 40 دقیقه
37895,10,  بابک بریانک,3.82,68.0,20 تا 40 دقیقه
37954,798,فست فود مستر پیتزا,4.5,12.0,30 تا 55 دقیقه
37985,110,  کربلاویچ,0.0,0.0,20 تا 40 دقیقه
37986,906,مجموعه غذایی باهم,3.7,80.0,25 تا 50 دقیقه
38010,115,  گنده گنده,3.88,132.0,25 تا 50 دقیقه
38075,812,فست فود ناپولی,3.74,27.0,20 تا 40 دقیقه
38080,752,فست فود شوک,4.18,71.0,20 تا 40 دقیقه
38121,258,تهیه غذای پنجاه چهل,3.94,269.0,20 تا 40 دقیقه
38126,1104,کترینگ اقتصادی ضیافت,4.23,360.0,30 تا 50 دقیقه
38190,1080,کبابسرای دوستی,4.2,98.0,20 تا 40 دقیقه
38257,854,فست فود پیچک,4.51,69.0,40 تا 60 دقیقه
38278,1145,کترینگ نمونه (شهرک قدس),4.32,182.0,20 تا 40 دقیقه
38304,297,رستوران الف,4.03,592.0,30 تا 60 دقیقه
38362,790,فست فود لیمون,4.71,55.0,25 تا 45 دقیقه
38367,924,پیتزا الیاس,4.4,215.0,25 تا 50 دقیقه
38393,498,رستوران و فست فود ایران 16,4.43,1694.0,35 تا 55 دقیقه
38457,763,فست فود غذا اینجا,3.83,448.0,30 تا 60 دقیقه
38520,1047,کافه فست فود بیف لند,3.78,108.0,30 تا 60 دقیقه
38572,11,  باغ رستوران باجک,3.8,15.0,30 تا 60 دقیقه
38575,774,فست فود فودلند پلاس,4.17,36.0,35 تا 55 دقیقه
38643,107,  کترینگ سالاریه,4.33,346.0,30 تا 60 دقیقه
38647,885,فست فود کیتو,4.24,393.0,30 تا 60 دقیقه
38674,206,تهیه غذای رزق حلال,4.35,203.0,30 تا 60 دقیقه
38709,614,فست فود آزادی,4.18,78.0,25 تا 50 دقیقه
38741,1119,کترینگ خلبان راد,4.49,1071.0,35 تا 65 دقیقه
38796,402,رستوران سنتی شبستان,3.46,69.0,
38827,1000,کافه رستوران رال,2.67,6.0,20 تا 40 دقیقه
38852,918,مطبخ چاشت,3.94,83.0,20 تا 40 دقیقه
38906,93,  کافه آبمیوه بستنی آی شاد,3.98,132.0,
38927,833,فست فود ونوس,3.92,13.0,30 تا 50 دقیقه
38947,915,مجموعه غذایی گذرخان,4.33,54.0,30 تا 55 دقیقه
38962,792,فست فود ماکا,4.25,271.0,25 تا 45 دقیقه
38967,713,فست فود دهه شصتی 2,3.83,77.0,35 تا 60 دقیقه
38990,39,  رستوران و بیرون بر شالبافان,3.87,501.0,20 تا 40 دقیقه
39052,140,آبمیوه و بستنی سنتی ممتاز تبریز,4.26,323.0,25 تا 50 دقیقه
39115,247,تهیه غذای مهر,4.01,157.0,20 تا 40 دقیقه
39120,80,  ویتامینه سرای معرکه,4.36,78.0,25 تا 50 دقیقه
39186,89,  پیتزا و ساندویچ ترخون,3.52,23.0,25 تا 50 دقیقه
39228,661,فست فود بورا,4.06,17.0,30 تا 50 دقیقه
39259,603,فست فود آبرنگ,4.21,187.0,20 تا 40 دقیقه
39293,190,تهیه غذای امید دلشاد,3.22,45.0,40 تا 70 دقیقه
39297,815,فست فود نمونه,3.13,47.0,20 تا 40 دقیقه
39321,61,  مجموعه غذایی شهر,3.8,564.0,20 تا 40 دقیقه
39377,742,فست فود سیسیلی,3.79,28.0,25 تا 50 دقیقه
39398,1086,کبابسرای نعمت,4.12,1881.0,35 تا 60 دقیقه
39459,441,رستوران فرنگی مایسالانژ,4.36,653.0,20 تا 40 دقیقه
39517,88,  پیتزا هیزمی لاله,4.19,230.0,20 تا 35 دقیقه
39581,134, کافه آبمیوه بستنی تسنیم,4.41,390.0,20 تا 40 دقیقه
39596,1147,کترینگ و کبابی زرین اقبال,4.37,269.0,40 تا 65 دقیقه
39617,583,طباخی کباب چی,4.46,26.0,20 تا 40 دقیقه
39618,38,  رستفود پارسیا پلاس,3.98,153.0,40 تا 70 دقیقه
39679,805,فست فود میلان,4.23,260.0,50 تا 70 دقیقه
39683,319,رستوران ایتالیایی ملک,3.96,219.0,25 تا 45 دقیقه
39715,415,رستوران شهر آفتاب,4.27,44.0,25 تا 50 دقیقه
39733,236,تهیه غذای فریدی,3.32,95.0,25 تا 45 دقیقه
39742,907,مجموعه غذایی بعلبک,3.89,277.0,25 تا 50 دقیقه
39786,490,رستوران هم رفیق,4.4,50.0,25 تا 45 دقیقه
39810,941,پیتزا ریتو,4.21,453.0,25 تا 50 دقیقه
39843,245,تهیه غذای معطر,4.47,257.0,25 تا 50 دقیقه
39895,87,  پیتزا سس,4.09,86.0,30 تا 50 دقیقه
39921,1012,کافه رستوران فود استودیو,4.42,647.0,25 تا 50 دقیقه
39989,1006,کافه رستوران سینا پلاس,4.19,196.0,30 تا 60 دقیقه
40054,286,رستوران اجاق باشی پلاس,3.6,10.0,25 تا 50 دقیقه
40085,239,تهیه غذای مادر,4.76,17.0,25 تا 45 دقیقه
40106,5,  آبلمبو پیلوت,4.47,49.0,30 تا 55 دقیقه
40168,1068,کباب ترکی ذغالی ترلان,2.0,6.0,25 تا 45 دقیقه
40211,796,فست فود مستر برگر,4.6,25.0,25 تا 50 دقیقه
40232,404,رستوران سنتی ناب,4.33,15.0,25 تا 50 دقیقه
40298,1076,کبابسرای بین المللی 19,3.88,16.0,35 تا 60 دقیقه
40356,59,  لبنیات خاصینو,0.0,0.0,35 تا 45 دقیقه
40376,320,رستوران ایتالیایی میلانو,4.08,24.0,30 تا 60 دقیقه
40442,939,پیتزا روشا,0.0,0.0,30 تا 60 دقیقه
40447,630,فست فود اسپزیا,4.31,32.0,30 تا 55 دقیقه
40482,818,فست فود نیلوفر,4.33,15.0,30 تا 60 دقیقه
40497,40,  روف لانژ حسام,4.33,6.0,25 تا 50 دقیقه
40539,775,فست فود فون فود,3.86,7.0,30 تا 55 دقیقه
40585,308,رستوران ایتالیایی بست فود,4.68,31.0,30 تا 55 دقیقه
40617,497,رستوران و فست فود آریانو,4.38,52.0,25 تا 50 دقیقه
40681,317,رستوران ایتالیایی سیدرا,4.26,54.0,30 تا 60 دقیقه
40720,615,فست فود آس برگر,0.0,0.0,25 تا 45 دقیقه
40734,730,فست فود سعید(خانه برگرقم),4.42,24.0,30 تا 60 دقیقه
40763,767,فست فود فر فود,2.87,15.0,30 تا 60 دقیقه
40783,629,فست فود اسنک شهر,4.67,6.0,30 تا 55 دقیقه
40807,593,غذای‌ایرانی زعفران,4.57,23.0,25 تا 50 دقیقه
40856,791,فست فود مانلی,3.0,5.0,30 تا 55 دقیقه
40909,111,  کلبه غذای کنجد,4.54,13.0,30 تا 55 دقیقه
40946,905,مجموعه غذایی الی,4.6,5.0,30 تا 55 دقیقه
40951,454,رستوران مجلل رضایی,0.0,0.0,30 تا 60 دقیقه
40952,20,  ته دیگ 401,4.0,46.0,35 تا 65 دقیقه
40976,1003,کافه رستوران رویال پلاس,0.0,0.0,30 تا 55 دقیقه
40994,37,  رست فود علاءالدین,0.0,0.0,30 تا 55 دقیقه
41020,679,فست فود توکل,0.0,0.0,
41021,68,  مزه کباب,4.75,8.0,35 تا 60 دقیقه
41035,261,تهیه غذای کاخ,0.0,0.0,35 تا 60 دقیقه
41041,1046,کافه فست فود آنا,0.0,0.0,
41066,778,فست فود فیلیا (صدوقی),3.5,8.0,30 تا 55 دقیقه
41135,732,فست فود سه سوت,3.33,18.0,
41137,501,رستوران و فست فود نوید,4.28,192.0,35 تا 50 دقیقه
41139,328,رستوران بابا حاجی,4.88,17.0,20 تا 35 دقیقه
41140,165,آشپزخانه مجلسی,4.3,799.0,30 تا 45 دقیقه
41142,686,فست فود جاشهر,4.27,550.0,20 تا 60 دقیقه
41148,412,رستوران شایگان,3.79,455.0,45 تا 55 دقیقه
41159,362,رستوران حاتم,3.41,434.0,50 تا 65 دقیقه
41168,1158,کترینگ کهن,4.28,796.0,30 تا 35 دقیقه
41170,439,رستوران فانوس,3.76,68.0,20 تا 55 دقیقه
41173,513,رستوران پرستو,3.81,203.0,35 تا 50 دقیقه
41178,656,فست فود بمب شهر,4.27,385.0,45 تا 75 دقیقه
41189,495,رستوران و فست فود BND,4.18,556.0,40 تا 70 دقیقه
41194,122, شیرینکده,4.37,193.0,20 تا 35 دقیقه
41195,839,فست فود پاتیلی,3.85,475.0,45 تا 70 دقیقه
41199,689,فست فود جو,4.26,124.0,40 تا 50 دقیقه
41201,146,آشپزخانه آریانا,4.23,164.0,45 تا 50 دقیقه
41203,473,رستوران میلاد,0.0,0.0,25 تا 35 دقیقه
41204,784,فست فود لپ تو,4.41,147.0,45 تا 65 دقیقه
41206,675,فست فود ترکی شمس,3.32,76.0,45 تا 60 دقیقه
41207,676,فست فود تنورک,3.97,718.0,35 تا 75 دقیقه
41218,511,رستوران پدیده بندر,4.33,27.0,35 تا 50 دقیقه
41219,1004,کافه رستوران رکو,4.34,103.0,40 تا 50 دقیقه
41224,971,پیتزا یاقوت,3.81,189.0,30 تا 55 دقیقه
41235,649,فست فود برگرلند,4.17,118.0,25 تا 60 دقیقه
41236,433,رستوران غارنمک شعبه3,3.63,19.0,20 تا 35 دقیقه
41237,986,کافه خاتون,4.46,37.0,45 تا 60 دقیقه
41240,295,رستوران الا تی تی,4.3,43.0,35 تا 55 دقیقه
41244,423,رستوران طرقبه,3.88,403.0,30 تا 60 دقیقه
41248,147,آشپزخانه اصیل,0.0,0.0,20 تا 35 دقیقه
41249,160,آشپزخانه شاد,2.71,7.0,20 تا 35 دقیقه
41250,163,آشپزخانه مادر بزرگ,0.0,0.0,20 تا 25 دقیقه
41252,153,آشپزخانه حاتم,4.44,108.0,25 تا 45 دقیقه
41255,574,سفره خانه سنتی غارنمک شعبه یک,0.0,0.0,20 تا 40 دقیقه
41260,877,فست فود کلبه ساندویچ,0.0,0.0,30 تا 50 دقیقه
41263,1027,کافه رستوران میراث,3.87,55.0,35 تا 55 دقیقه
41268,299,رستوران الوند,4.68,56.0,20 تا 40 دقیقه
41270,575,سفره خانه سنتی غارنمک2,0.0,0.0,
41271,14,  برگر بان,4.75,63.0,45 تا 65 دقیقه
41281,276,رستوران آرمانی,0.0,0.0,30 تا 50 دقیقه
41282,559,رستوران گندم,0.0,0.0,20 تا 40 دقیقه
41283,150,آشپزخانه برتو,0.0,0.0,25 تا 45 دقیقه
41284,167,آشپزخانه مهاراجه,4.0,10.0,20 تا 35 دقیقه
41288,671,فست فود تاکو,4.26,156.0,25 تا 45 دقیقه
41291,637,فست فود ایرانیان,0.0,0.0,20 تا 35 دقیقه
41295,580,سوخاری کی اف سی,3.75,59.0,25 تا 45 دقیقه
41298,1015,کافه رستوران فین,0.0,0.0,15 تا 25 دقیقه
41299,514,رستوران پرشین گلف,3.0,5.0,35 تا 50 دقیقه
41305,85,  پیتزا آفتاب,0.0,0.0,25 تا 40 دقیقه
41306,386,رستوران رستوران آسمان شهر,0.0,0.0,
41307,463,رستوران مطعم انصاری,0.0,0.0,
41308,281,رستوران آقای ماکارونی,4.28,302.0,50 تا 80 دقیقه
41311,157,آشپزخانه ریحون,0.0,0.0,15 تا 25 دقیقه
41312,283,رستوران آنالی,0.0,0.0,
41313,680,فست فود تی تی لاس,4.41,91.0,30 تا 50 دقیقه
41316,548,رستوران گامرون,4.16,93.0,30 تا 50 دقیقه
41317,168,آشپزخانه میزبان,2.43,7.0,20 تا 35 دقیقه
41318,1036,کافه رستوران پستو,0.0,0.0,
41320,141,آبمیوه و بستنی شانار,0.0,0.0,15 تا 20 دقیقه
41321,635,فست فود اکسیژن,0.0,0.0,15 تا 25 دقیقه
41322,398,رستوران سامکو,3.55,22.0,20 تا 40 دقیقه
41326,389,رستوران روبو فود,3.43,28.0,40 تا 75 دقیقه
41329,178,بستنی دوژه,0.0,0.0,
41330,709,فست فود دمیلو,4.59,229.0,25 تا 50 دقیقه
41334,171,آشپزخانه کلبه غذا,3.71,42.0,35 تا 65 دقیقه
41342,336,رستوران برکه (BORKAH),4.25,8.0,40 تا 70 دقیقه
41350,31,  دهکده پذیرایی هزارویک شب,0.0,0.0,
41351,991,کافه رستوران ال کافه,0.0,0.0,20 تا 40 دقیقه
41352,820,فست فود هات شعبه فاطمیه,0.0,0.0,20 تا 30 دقیقه
41357,793,فست فود مرکز پیراشکی هرمزگان,0.0,0.0,
41368,552,رستوران گرمادون,0.0,0.0,25 تا 45 دقیقه
41379,746,فست فود شاورما لبنان,0.0,0.0,20 تا 40 دقیقه
41380,899,فست فود ی لو,4.08,303.0,20 تا 35 دقیقه
41384,484,رستوران هامون,4.53,763.0,20 تا 35 دقیقه
41388,394,رستوران سادات,3.95,103.0,30 تا 60 دقیقه
41398,639,فست فود باس برگر,4.41,44.0,15 تا 25 دقیقه
41400,521,رستوران چلو کبابی گلستان,3.6,10.0,35 تا 55 دقیقه
41405,330,رستوران بادبان,3.8,10.0,30 تا 60 دقیقه
41413,164,آشپزخانه مانی,4.35,124.0,20 تا 35 دقیقه
41421,703,فست فود دالاهو,3.36,22.0,30 تا 45 دقیقه
41428,647,فست فود برگر چی,4.03,172.0,35 تا 70 دقیقه
41432,693,فست فود حاتم,4.05,74.0,35 تا 55 دقیقه
41435,443,رستوران فست فود گلدن,4.06,47.0,65 تا 110 دقیقه
41440,1005,کافه رستوران ری را,0.0,0.0,30 تا 55 دقیقه
41442,537,رستوران کبابی تپل خان,4.64,265.0,20 تا 35 دقیقه
41444,280,رستوران آقای خرچنگ,4.39,23.0,30 تا 50 دقیقه
41449,523,رستوران چکو,4.43,7.0,30 تا 45 دقیقه
41451,1042,کافه رستوران کاکتوس,4.43,14.0,40 تا 70 دقیقه
41455,359,رستوران جف,0.0,0.0,
41456,795,فست فود مزاج,0.0,0.0,25 تا 45 دقیقه
41458,365,رستوران حافظ,4.67,24.0,35 تا 55 دقیقه
41459,411,رستوران شاورما وحید تپل,4.28,25.0,25 تا 45 دقیقه
41462,893,فست فود گلدن کراپ,0.0,0.0,40 تا 70 دقیقه
41468,453,رستوران متو,0.0,0.0,30 تا 50 دقیقه
41478,759,فست فود صوفی,4.41,27.0,20 تا 30 دقیقه
41480,522,رستوران چنگال طلایی,0.0,0.0,35 تا 60 دقیقه
41484,371,رستوران خلبان,4.15,52.0,35 تا 55 دقیقه
41487,547,رستوران گاریز,0.0,0.0,30 تا 55 دقیقه
41496,393,رستوران زیتون(دیزی میزی),5.0,6.0,25 تا 40 دقیقه
41502,604,فست فود آتور,4.45,11.0,40 تا 70 دقیقه
41506,309,رستوران ایتالیایی تنوری,4.33,9.0,40 تا 75 دقیقه
41509,897,فست فود گوین,4.57,28.0,40 تا 70 دقیقه
41512,712,فست فود دهه شصتی,2.2,5.0,35 تا 65 دقیقه
41518,531,رستوران کافه کباب,4.5,4.0,30 تا 55 دقیقه
41520,779,فست فود قارچ کوچولو,4.25,8.0,40 تا 70 دقیقه
41524,329,رستوران بابا محمود,3.24,41.0,25 تا 49 دقیقه
41536,1028,کافه رستوران میکلانژ,4.68,25.0,15 تا 30 دقیقه
41554,610,فست فود آرماندو پلاس,4.39,36.0,30 تا 60 دقیقه
41606,944,پیتزا سولی,4.63,97.0,25 تا 40 دقیقه
41625,664,فست فود بیست,4.05,406.0,36 تا 66 دقیقه
41672,953,پیتزا نیلز,4.61,114.0,20 تا 40 دقیقه
41715,956,پیتزا ویدون (گوهردشت),4.37,265.0,30 تا 50 دقیقه
41727,868,فست فود کابوک,4.37,38.0,20 تا 35 دقیقه
41735,203,تهیه غذای رئیس,4.45,138.0,30 تا 50 دقیقه
41746,136,آبمیوه و بستنی تو دلیا,0.0,0.0,30 تا 50 دقیقه
41749,482,رستوران نون وکباب ریحان,3.8,5.0,25 تا 40 دقیقه
41753,109,  کته کباب دایی نوید,3.11,108.0,30 تا 50 دقیقه
41823,1055,کافه ناز,4.09,22.0,20 تا 40 دقیقه
41853,692,فست فود جیمبوویچ,3.21,19.0,25 تا 45 دقیقه
41899,1110,کترینگ بی بی,4.61,31.0,35 تا 55 دقیقه
41945,532,رستوران کاکتوس,4.2,25.0,30 تا 50 دقیقه
41969,884,فست فود کوکوویچ,4.85,13.0,25 تا 45 دقیقه
41991,988,کافه رستوران آریامن,4.0,16.0,30 تا 55 دقیقه
42014,533,رستوران کباب بناب آذر,4.08,39.0,40 تا 60 دقیقه
42069,494,رستوران هیمه,4.38,13.0,25 تا 45 دقیقه
42070,207,تهیه غذای ریتون,3.5,8.0,30 تا 50 دقیقه
42078,867,فست فود ژیورن,4.26,235.0,60 تا 90 دقیقه
42135,582,شیرینی سنتی مهر و ماه یزد,4.14,91.0,60 تا 70 دقیقه
42206,505,رستوران و فست فود چنس,4.4,43.0,25 تا 45 دقیقه
42208,422,رستوران طاق بستان,3.33,6.0,20 تا 40 دقیقه
42241,840,فست فود پایتخت,4.05,21.0,50 تا 70 دقیقه
42261,240,تهیه غذای مادر خوب,4.39,46.0,30 تا 60 دقیقه
42277,540,رستوران کلاسیک عارف,3.74,19.0,35 تا 55 دقیقه
42300,1116,کترینگ جام جم,4.12,57.0,30 تا 50 دقیقه
42336,326,رستوران ایزار کباب,4.36,44.0,40 تا 55 دقیقه
42373,1125,کترینگ سرآشپز,4.31,29.0,15 تا 30 دقیقه
42382,659,فست فود بنفشه موذن,4.73,97.0,25 تا 45 دقیقه
42398,927,پیتزا بومبای,0.0,0.0,30 تا 55 دقیقه
42405,408,رستوران شاندیز عظیمیه,4.82,11.0,30 تا 55 دقیقه
42458,238,تهیه غذای لیمو,4.49,47.0,30 تا 60 دقیقه
42546,414,رستوران شمس,3.67,9.0,30 تا 60 دقیقه
42564,601,فست فود CR7,4.78,9.0,45 تا 60 دقیقه
42569,214,تهیه غذای سارای,4.0,12.0,30 تا 45 دقیقه
42581,241,تهیه غذای ماسال,4.07,15.0,40 تا 60 دقیقه
42616,658,فست فود بنفشه,3.0,27.0,20 تا 35 دقیقه
42626,625,فست فود آیدا,4.25,102.0,20 تا 35 دقیقه
42704,917,مطبخ خان بابا,4.08,24.0,30 تا 60 دقیقه
42710,348,رستوران بیلیونرز,0.0,0.0,20 تا 40 دقیقه
42738,518,رستوران پیرمستان,4.39,59.0,60 تا 80 دقیقه
42771,672,فست فود تایسپی,0.0,0.0,30 تا 60 دقیقه
42840,622,فست فود آنتراکت,4.0,16.0,30 تا 50 دقیقه
42859,196,تهیه غذای تشریفات عمو رسول,4.59,78.0,20 تا 30 دقیقه
42868,543,رستوران کنعانی,4.17,108.0,30 تا 60 دقیقه
42948,520,رستوران چای وچاشت,4.29,219.0,30 تا 50 دقیقه
42949,529,رستوران کاسه کباب مهرشهر,4.64,39.0,30 تا 60 دقیقه
43006,516,رستوران پسران مسعود,4.65,98.0,30 تا 50 دقیقه
43083,253,تهیه غذای نگین البرز,3.78,18.0,30 تا 60 دقیقه
43098,882,فست فود کوک لند,3.0,5.0,30 تا 50 دقیقه
43099,998,کافه رستوران دوران,4.45,51.0,25 تا 45 دقیقه
43125,928,پیتزا تاج محل,4.24,34.0,25 تا 45 دقیقه
43160,865,فست فود چیکن کلاب,0.0,0.0,30 تا 55 دقیقه
43165,660,فست فود بهروز,3.5,8.0,25 تا 35 دقیقه
43173,219,تهیه غذای سورل,3.5,4.0,25 تا 45 دقیقه
43178,1001,کافه رستوران رومانو,4.2,5.0,30 تا 60 دقیقه
43189,181,تهیه غذای آرامیس,3.0,4.0,20 تا 35 دقیقه
43211,351,رستوران ترخون,0.0,0.0,45 تا 70 دقیقه
43214,1049,کافه فست فود نوبل,0.0,0.0,25 تا 45 دقیقه
43221,838,فست فود ویژه یک اژدر,4.11,27.0,25 تا 45 دقیقه
43233,255,تهیه غذای پدیده البرز,4.27,11.0,15 تا 30 دقیقه
43267,959,پیتزا پارسیان,4.4,10.0,30 تا 50 دقیقه
43287,958,پیتزا پارادیزو,4.38,13.0,30 تا 60 دقیقه
43299,645,فست فود برگایز,0.0,0.0,30 تا 60 دقیقه
43316,782,فست فود لوک,0.0,0.0,30 تا 60 دقیقه
43323,380,رستوران دنیز,0.0,0.0,30 تا 60 دقیقه
43330,755,فست فود صاب وی,4.43,14.0,
43335,621,فست فود آن گریل,0.0,0.0,30 تا 60 دقیقه
43343,1013,کافه رستوران فورنو بیانکو,4.5,8.0,30 تا 60 دقیقه
43359,201,تهیه غذای حس خونه,0.0,0.0,30 تا 50 دقیقه
43361,651,فست فود برگرویل,4.67,6.0,25 تا 45 دقیقه
43371,361,رستوران جوجه پاچینی,0.0,0.0,15 تا 30 دقیقه
43374,342,رستوران بناب برکت,4.33,6.0,25 تا 45 دقیقه
43383,817,فست فود نُوا,4.3,43.0,60 تا 80 دقیقه
43414,643,فست فود برتا برگر,2.5,8.0,20 تا 35 دقیقه
43433,847,فست فود پیتزا 66,0.0,0.0,35 تا 60 دقیقه
43434,212,تهیه غذای زعفرون,4.6,10.0,25 تا 45 دقیقه
43444,756,فست فود صدف,0.0,0.0,30 تا 55 دقیقه
43446,963,پیتزا پوپو,0.0,0.0,30 تا 50 دقیقه
43483,226,تهیه غذای شایسته,3.4,5.0,25 تا 45 دقیقه
43490,545,رستوران کوجینی,4.05,19.0,25 تا 45 دقیقه
43494,185,تهیه غذای آشپز کوچولو,3.5,4.0,25 تا 35 دقیقه
43503,724,فست فود زاستر,3.77,31.0,20 تا 35 دقیقه
43520,46,  شهر پیتزا,4.23,26.0,20 تا 35 دقیقه
43530,343,رستوران بهارآزادی,0.0,0.0,20 تا 40 دقیقه
43551,467,رستوران مهدویه,5.0,30.0,25 تا 45 دقیقه
43580,1037,کافه رستوران پیتزا پیاتزا,4.11,9.0,20 تا 40 دقیقه
43605,339,رستوران بقچه,4.0,24.0,30 تا 50 دقیقه
43706,557,رستوران گلها,3.0,7.0,20 تا 40 دقیقه
43719,783,فست فود لویجی,5.0,10.0,30 تا 50 دقیقه
43754,633,فست فود اژدر زاپاتا موذن,4.13,48.0,25 تا 40 دقیقه
43767,789,فست فود لیمو گوهردشت,2.75,8.0,30 تا 50 دقیقه
43835,697,فست فود خانه برگر کارو,0.0,0.0,20 تا 40 دقیقه
43836,770,فست فود فلافلینو,3.5,4.0,30 تا 50 دقیقه
43841,1093,کترینگ vip,4.0,6.0,40 تا 60 دقیقه
43888,773,فست فود فود لند,0.0,0.0,30 تا 60 دقیقه
43929,199,تهیه غذای جهانشهر,0.0,0.0,30 تا 60 دقیقه
43979,475,رستوران نامبروان,0.0,0.0,45 تا 65 دقیقه
43980,448,رستوران لیا برگر,0.0,0.0,
43986,517,رستوران پیتزا سوخاری بکسمات,4.5,12.0,25 تا 50 دقیقه
44021,722,فست فود رافل,0.0,0.0,20 تا 40 دقیقه
44025,751,فست فود شهر سوخاری,0.0,0.0,20 تا 40 دقیقه
44028,1045,کافه ریبون,0.0,0.0,20 تا 40 دقیقه
44052,383,رستوران دیگ دون,0.0,0.0,
44053,626,فست فود اتول برگر,4.42,79.0,30 تا 50 دقیقه
44075,472,رستوران میرزا,0.0,191.0,25 تا 50 دقیقه
44076,869,فست فود کاج,4.47,15.0,25 تا 45 دقیقه
44088,306,رستوران ایتالیایی آریو,4.09,116.0,45 تا 75 دقیقه
44128,933,پیتزا حاتم,4.35,279.0,40 تا 65 دقیقه
44163,825,فست فود هفده,4.71,14.0,35 تا 70 دقیقه
44175,550,رستوران گردشگری ریژان,4.2,5.0,20 تا 40 دقیقه
44177,952,پیتزا نوید,4.49,47.0,25 تا 50 دقیقه
44208,714,فست فود دو در یک,0.0,0.0,20 تا 30 دقیقه
44212,480,رستوران نمونه عاشوری,5.0,7.0,35 تا 60 دقیقه
44243,499,رستوران و فست فود صمصام فود,4.45,47.0,25 تا 45 دقیقه
44274,544,رستوران کوبیده پلاس,4.6,10.0,25 تا 45 دقیقه
44277,382,رستوران دی دنر,0.0,0.0,
44294,957,پیتزا ویوالدی,4.52,21.0,25 تا 50 دقیقه
44297,973,چلوکباب خانه کباب دیلمان,4.0,12.0,25 تا 40 دقیقه
44298,159,آشپزخانه سیا,0.0,0.0,25 تا 50 دقیقه
44304,137,آبمیوه و بستنی دلشاد,0.0,0.0,20 تا 35 دقیقه
44305,999,کافه رستوران دوپامین,0.0,0.0,
44307,406,رستوران سیزن,0.0,0.0,25 تا 50 دقیقه
44347,152,آشپزخانه جیلیز,4.0,4.0,15 تا 30 دقیقه
44351,288,رستوران اروزان,0.0,0.0,20 تا 40 دقیقه
44352,734,فست فود سوخاری چی,0.0,0.0,
44353,535,رستوران کباب مهدی,0.0,0.0,20 تا 40 دقیقه
44393,605,فست فود آتیلا برگر,0.0,0.0,25 تا 50 دقیقه
44425,466,رستوران منصوری لانژ,0.0,0.0,25 تا 45 دقیقه
44431,99,  کافه هشتگ,0.0,0.0,20 تا 35 دقیقه
44432,277,رستوران آشپزخانه شفیعی,0.0,0.0,45 تا 65 دقیقه
44433,100,  کافه هفده,0.0,0.0,30 تا 45 دقیقه
44445,273,رستوران 100  کیلوگرم,0.0,0.0,
44446,121, رستوران آریو شعبه ۲(ایرانی),0.0,0.0,25 تا 50 دقیقه
44486,638,فست فود اینجا,4.49,12518.0,35 تا 60 دقیقه
44567,1009,کافه رستوران صوفی,4.59,643.0,40 تا 60 دقیقه
44644,125, فست فود و دنر کباب بوفالو,4.09,827.0,50 تا 70 دقیقه
44710,471,رستوران میخوش,4.31,1408.0,35 تا 70 دقیقه
44798,1087,کبابسرای کبابچی,4.11,237.0,55 تا 70 دقیقه
44884,967,پیتزا کسری,4.06,883.0,45 تا 70 دقیقه
44947,862,فست فود چیست فود,4.3,250.0,40 تا 70 دقیقه
45036,332,رستوران بازار,4.51,13990.0,45 تا 75 دقیقه
45125,896,فست فود گوک برگر,4.4,13627.0,50 تا 85 دقیقه
45214,166,آشپزخانه مرکزی سرحدی,4.29,1073.0,40 تا 60 دقیقه
45302,305,رستوران اکبرجوجه,4.41,5453.0,40 تا 60 دقیقه
45392,979,کافه آش,4.18,1898.0,45 تا 60 دقیقه
45479,863,فست فود چیلی,4.51,5726.0,40 تا 65 دقیقه
45521,377,رستوران دلی کیت,4.48,7554.0,45 تا 60 دقیقه
45603,360,رستوران جوجه رئیس,4.32,2584.0,35 تا 70 دقیقه
45645,772,فست فود فلفلی گلشهر,4.19,7694.0,45 تا 60 دقیقه
45732,162,آشپزخانه شاندیز,4.08,1731.0,40 تا 60 دقیقه
45762,158,آشپزخانه سرحدی گلشهر,4.37,3561.0,30 تا 50 دقیقه
45853,1025,کافه رستوران میامی,4.27,364.0,40 تا 65 دقیقه
45942,694,فست فود حاج پرویز,4.66,1104.0,45 تا 70 دقیقه
45970,313,رستوران ایتالیایی دلیوری اورگانو,4.07,867.0,35 تا 55 دقیقه
46057,91,  ژیمان و بی بر,4.44,6518.0,35 تا 60 دقیقه
46145,648,فست فود برگرتین,4.37,3162.0,35 تا 70 دقیقه
46234,1016,کافه رستوران فیوره,4.48,2280.0,40 تا 80 دقیقه
46304,764,فست فود غول برگر,4.44,1276.0,40 تا 60 دقیقه
46395,850,فست فود پیتزا هات,4.47,249.0,50 تا 60 دقیقه
46447,504,رستوران و فست فود چشم انداز,4.32,2271.0,40 تا 50 دقیقه
46500,788,فست فود لیمو ترش,4.08,789.0,45 تا 65 دقیقه
46585,75,  نونان,4.58,1956.0,50 تا 90 دقیقه
46676,771,فست فود فلفلی گرگانپارس,3.94,1196.0,40 تا 55 دقیقه
46764,13,  باقلوا استانبولی پرنس,4.4,835.0,40 تا 55 دقیقه
46787,169,آشپزخانه ناهارخوران,3.83,930.0,35 تا 45 دقیقه
46877,745,فست فود شاهین,4.28,2160.0,60 تا 65 دقیقه
46965,289,رستوران اروس (آبشار سابق),4.28,2792.0,45 تا 60 دقیقه
47054,1077,کبابسرای ترخون (ولیعصر سابق),4.43,652.0,35 تا 50 دقیقه
47127,1083,کبابسرای سید شعبه مدرس,4.31,413.0,40 تا 45 دقیقه
47200,1084,کبابسرای سید شعبه گلشهر,4.24,1823.0,50 تا 60 دقیقه
47283,455,رستوران مجلل رویال,4.18,555.0,30 تا 50 دقیقه
47364,1026,کافه رستوران میامی پلاس,4.29,320.0,50 تا 85 دقیقه
47452,898,فست فود گپ,3.66,387.0,35 تا 65 دقیقه
47541,161,آشپزخانه شادزی,4.23,205.0,30 تا 65 دقیقه
47628,808,فست فود نارنج,4.15,489.0,35 تا 65 دقیقه
47699,1034,کافه رستوران پاتوق,3.58,588.0,45 تا 80 دقیقه
47785,53,  فلافل سرای سلمان اهوازی,4.08,248.0,30 تا 55 دقیقه
47874,1011,کافه رستوران فرشید وارکانا,3.76,55.0,20 تا 40 دقیقه
47964,74,  مین فود,4.15,108.0,20 تا 75 دقیقه
48053,887,فست فود گرگان برگر,4.54,1555.0,25 تا 50 دقیقه
48067,1129,کترینگ شوکا,4.16,984.0,30 تا 50 دقیقه
48099,8,  اغذیه 444 شعبه مرکزی,4.56,41.0,15 تا 30 دقیقه
48187,652,فست فود بست برگر,4.47,1176.0,55 تا 80 دقیقه
48276,1126,کترینگ سلامت,4.38,5036.0,45 تا 65 دقیقه
48361,269,دنر کباب مهیار,4.09,206.0,20 تا 35 دقیقه
48449,1081,کبابسرای زیارت,3.47,270.0,20 تا 40 دقیقه
48538,842,فست فود پت و مت,4.09,11.0,30 تا 50 دقیقه
48623,1039,کافه رستوران ژیوار,3.26,117.0,30 تا 60 دقیقه
48713,1072,کباب ساطوری بناب آذربایجان,4.53,886.0,20 تا 40 دقیقه
48802,669,فست فود تاج,3.85,170.0,20 تا 40 دقیقه
48889,52,  فروشگاه روغن سلامتی,4.87,75.0,25 تا 30 دقیقه
48977,976,چلوکباب ساطوری تک بناب,3.65,62.0,15 تا 30 دقیقه
49066,124, فرش مارکت,4.12,156.0,20 تا 35 دقیقه
49153,702,فست فود د ل ث,4.36,1407.0,45 تا 75 دقیقه
49238,1051,کافه فست فود پادیز,4.41,573.0,45 تا 90 دقیقه
49265,816,فست فود نوید اهوازی,3.81,288.0,20 تا 40 دقیقه
49338,16,  بستنی ایتالیایی جلاتو,4.32,848.0,30 تا 60 دقیقه
49427,379,رستوران دنج,3.56,61.0,20 تا 40 دقیقه
49509,1043,کافه رستوران کایرو,4.2,351.0,39 تا 74 دقیقه
49598,1064,کافه کوبار,4.0,330.0,25 تا 40 دقیقه
49641,9,  اغذیه لقمه,3.83,508.0,
49710,252,تهیه غذای نایب,2.11,56.0,30 تا 45 دقیقه
49797,108,  کترینگ طالبی,4.24,719.0,25 تا 50 دقیقه
49871,1128,کترینگ شهر,4.19,705.0,25 تا 40 دقیقه
49960,83,  پروتئین سدن,4.82,1206.0,30 تا 60 دقیقه
50051,1067,کافی شاپ قهوه تلخ,4.25,83.0,30 تا 50 دقیقه
50139,7,  آیس پک,4.73,1926.0,65 تا 80 دقیقه
50223,430,رستوران عمارت,3.93,227.0,30 تا 50 دقیقه
50309,481,رستوران نور,4.41,235.0,40 تا 60 دقیقه
50397,376,رستوران درباری,4.06,66.0,35 تا 70 دقیقه
50426,740,فست فود سید,4.14,172.0,20 تا 40 دقیقه
50514,837,فست فود ویولت,4.02,657.0,25 تا 50 دقیقه
50595,673,فست فود ترنج,3.42,104.0,25 تا 45 دقیقه
50676,989,کافه رستوران آسمان,3.88,93.0,25 تا 50 دقیقه
50763,663,فست فود بیرون,4.24,542.0,25 تا 50 دقیقه
50840,77,  هالیز فود,4.29,255.0,30 تا 45 دقیقه
50930,662,فست فود بوم برگر,4.48,97.0,30 تا 60 دقیقه
51017,187,تهیه غذای الند,4.36,177.0,25 تا 45 دقیقه
51099,28,  خونه کباب کترینگ,4.28,163.0,40 تا 60 دقیقه
51185,399,رستوران سرحدی رسالت,4.27,277.0,30 تا 55 دقیقه
51273,736,فست فود سورین,3.62,116.0,40 تا 60 دقیقه
51362,128, نیک پروتئین,4.19,37.0,30 تا 45 دقیقه
51440,528,رستوران کاج,4.18,149.0,30 تا 60 دقیقه
51517,143,آبمیوه ویتاتو,4.41,51.0,20 تا 30 دقیقه
51546,739,فست فود سیتی برگر,3.25,8.0,20 تا 35 دقیقه
51635,15,  برگر پلاس,4.33,18.0,30 تا 50 دقیقه
51722,1041,کافه رستوران کاپری,5.0,10.0,25 تا 50 دقیقه
51809,935,پیتزا خونه,4.56,50.0,45 تا 70 دقیقه
51898,627,فست فود ارم,4.5,40.0,40 تا 70 دقیقه
51980,856,فست فود چاچا (داغ داغ سابق),3.57,21.0,30 تا 55 دقیقه
52069,1050,کافه فست فود ورسک,4.26,38.0,20 تا 40 دقیقه
52157,1038,کافه رستوران ژین,3.97,37.0,30 تا 60 دقیقه
52245,19,  تنور پیزریا,4.55,142.0,30 تا 60 دقیقه
52332,33,  دکتر ساندویچ,4.06,32.0,25 تا 50 دقیقه
52420,293,رستوران اطلس,0.0,0.0,30 تا 45 دقیقه
52508,846,فست فود پورش برگر,4.14,14.0,35 تا 55 دقیقه
52596,149,آشپزخانه برادران یزدانی,0.0,0.0,45 تا 65 دقیقه
52686,220,تهیه غذای سورن,5.0,10.0,30 تا 50 دقیقه
52773,947,پیتزا فلارگ (غول برگر سابق),4.33,45.0,45 تا 75 دقیقه
52860,731,فست فود سفارت,3.97,31.0,30 تا 60 دقیقه
52947,657,فست فود بمب مسعود,4.71,42.0,40 تا 60 دقیقه
53033,55,  فود تراک ولفی کوشه,4.04,23.0,50 تا 90 دقیقه
53122,586,غذای خانگی افروز,0.0,0.0,30 تا 60 دقیقه
53210,1048,کافه فست فود ناب,4.56,9.0,25 تا 50 دقیقه
53298,259,تهیه غذای چاشنی,0.0,0.0,30 تا 50 دقیقه
53385,889,فست فود گرین فود,0.0,0.0,30 تا 45 دقیقه
53388,311,رستوران ایتالیایی حس نو,0.0,0.0,30 تا 50 دقیقه
53396,705,فست فود دانژه,3.0,4.0,25 تا 40 دقیقه
53427,250,تهیه غذای ناب,4.56,9.0,15 تا 30 دقیقه
53464,197,تهیه غذای تهیه غذای چاشنی,0.0,0.0,
53483,640,فست فود بام سبز,2.11,9.0,25 تا 50 دقیقه
53514,321,رستوران ایتالیایی نارلی,4.38,13.0,40 تا 50 دقیقه
53519,515,رستوران پسر خوب,0.0,0.0,15 تا 30 دقیقه
53521,487,رستوران هانی,4.0,6.0,15 تا 30 دقیقه
53529,279,رستوران آقای برگر,0.0,0.0,15 تا 30 دقیقه
53530,92,  کاریک فود,3.63,16.0,25 تا 40 دقیقه
53594,322,رستوران ایتالیایی هالوپینو,0.0,0.0,25 تا 40 دقیقه
53595,849,فست فود پیتزا میتزا (شیشه‌بری),4.12,98.0,40 تا 50 دقیقه
53642,700,فست فود خورشید,3.6,10.0,20 تا 60 دقیقه
53667,822,فست فود هزارویکشب,4.37,816.0,25 تا 60 دقیقه
53720,62,  مجموعه پذیرایی تالار یزد,4.54,531.0,20 تا 65 دقیقه
53799,894,فست فود گندم,4.44,128.0,20 تا 55 دقیقه
53804,267,خانه استیک دایانا,4.45,109.0,35 تا 60 دقیقه
53881,469,رستوران مهرگان,4.05,277.0,30 تا 50 دقیقه
53951,876,فست فود کرنوپیچ,4.48,1647.0,25 تا 55 دقیقه
54021,902,مجموعه رستوران های عمارت وکیل,4.28,561.0,40 تا 55 دقیقه
54100,425,رستوران طلایی سادات اخوی,4.44,523.0,40 تا 75 دقیقه
54145,600,فست فود 27,4.65,631.0,20 تا 50 دقیقه
54214,567,ساندویچ ممتاز,4.34,977.0,45 تا 55 دقیقه
54254,945,پیتزا سیب,4.32,187.0,35 تا 60 دقیقه
54330,395,رستوران سادات اخوی,4.32,441.0,40 تا 60 دقیقه
54400,113,  کوک برگر,4.81,63.0,15 تا 60 دقیقه
54421,891,فست فود گلد استار,4.0,178.0,30 تا 55 دقیقه
54444,727,فست فود ساویس+,4.26,114.0,30 تا 65 دقیقه
54479,202,تهیه غذای دیگ دیگ,4.45,172.0,25 تا 60 دقیقه
54531,41,  سالار برگر,4.36,44.0,15 تا 80 دقیقه
54591,569,ساندویچ هزارچاشنی,0.0,0.0,15 تا 30 دقیقه
54612,278,رستوران آفتاب,4.44,305.0,25 تا 50 دقیقه
54639,1069,کباب درباری,4.73,44.0,20 تا 40 دقیقه
54689,82,  پانیذ فود,4.47,703.0,35 تا 60 دقیقه
54723,566,ساندویچ بهار,4.67,12.0,20 تا 35 دقیقه
54724,49,  غذاخوری پناهنده (کاشانی),3.96,276.0,45 تا 50 دقیقه
54745,461,رستوران مصطفی کلبادی‌نژاد,4.7,127.0,30 تا 55 دقیقه
54762,932,پیتزا جردن,4.51,405.0,40 تا 60 دقیقه
54836,42,  ساندویچ برمودا,3.8,5.0,15 تا 30 دقیقه
54901,996,کافه رستوران تاک(سبز),4.2,5.0,30 تا 50 دقیقه
54928,968,پیتزا کندز,3.83,12.0,25 تا 40 دقیقه
54957,993,کافه رستوران ایتالیایی ریواس,4.3,23.0,25 تا 45 دقیقه
54958,363,رستوران حاج محمد سالار,3.67,9.0,25 تا 45 دقیقه
54964,848,فست فود پیتزا میتزا,4.0,106.0,30 تا 55 دقیقه
55036,431,رستوران عمارت خانه پدری,3.33,12.0,45 تا 80 دقیقه
55075,58,  قرمه اقبال,0.0,0.0,20 تا 40 دقیقه
55121,1061,کافه کاریزما,0.0,0.0,
55150,314,رستوران ایتالیایی دنیز,0.0,0.0,20 تا 40 دقیقه
55182,508,رستوران پارسا,4.27,41.0,20 تا 40 دقیقه
55202,807,فست فود نارمک,4.38,16.0,15 تا 25 دقیقه
55204,211,تهیه غذای زعفران,4.67,18.0,20 تا 35 دقیقه
55208,1008,کافه رستوران شاه نشین,0.0,0.0,25 تا 45 دقیقه
55227,886,فست فود گردو,3.5,4.0,20 تا 35 دقیقه
55303,1030,کافه رستوران نخل,0.0,0.0,45 تا 60 دقیقه
55315,510,رستوران پارسیس هتل صفاییه,4.25,8.0,20 تا 40 دقیقه
55336,741,فست فود سیدمحسن,3.86,7.0,15 تا 30 دقیقه
55359,1022,کافه رستوران ماهورا,0.0,0.0,20 تا 35 دقیقه
55383,73,  مکث برگر,3.25,24.0,20 تا 35 دقیقه
55396,81,  وین برگر,4.27,134.0,20 تا 35 دقیقه
55466,18,  بیرون‌بر مطبخ,2.58,19.0,25 تا 50 دقیقه
55489,401,رستوران سنتی باغ مرشد,3.65,89.0,20 تا 35 دقیقه
55556,1053,کافه قهرمان,0.0,0.0,20 تا 35 دقیقه
55574,48,  غذاخوری پناهنده (22بهمن),4.56,36.0,20 تا 30 دقیقه
55605,102,  کافه کباب مشروطه,0.0,0.0,20 تا 35 دقیقه
55633,925,پیتزا بهار,3.5,4.0,25 تا 40 دقیقه
55637,419,رستوران صدف,4.3,201.0,15 تا 30 دقیقه
55696,452,رستوران ماه و خورشید,4.5,8.0,25 تا 45 دقیقه
55710,992,کافه رستوران انتظار,0.0,0.0,25 تا 40 دقیقه
55711,760,فست فود عالی,4.55,53.0,25 تا 40 دقیقه
55784,403,رستوران سنتی عمارت عقیق,4.05,74.0,25 تا 40 دقیقه
55806,12,  باغ رستوران شبستان,0.0,0.0,20 تا 40 دقیقه
55825,644,فست فود برشته,0.0,0.0,
55826,291,رستوران ارگانو,5.0,4.0,45 تا 65 دقیقه
55849,942,پیتزا زیتون,3.84,19.0,25 تا 40 دقیقه
55862,66,  مرغ سوخاری کنتاکی,4.86,29.0,15 تا 30 دقیقه
55928,86,  پیتزا ترنج,3.38,21.0,30 تا 45 دقیقه
55995,373,رستوران خوان دوحد,3.78,36.0,25 تا 50 دقیقه
56020,951,پیتزا مجید,0.0,0.0,
56021,127, مک برگر,3.54,26.0,25 تا 40 دقیقه
56095,131, پیتزا ساندویچ لاله,3.56,50.0,20 تا 35 دقیقه
56105,1074,کباب گلپایگانی,0.0,0.0,
56149,875,فست فود کرشمه,4.24,29.0,20 تا 35 دقیقه
56169,940,پیتزا روشن,4.3,37.0,25 تا 40 دقیقه
56243,34,  دیار فود,4.69,13.0,20 تا 40 دقیقه
56268,179,بستنی سالار,0.0,0.0,20 تا 30 دقیقه
56342,95,  کافه رستوران‌ زنجیره‌ای سلاطین (خش‌خوران),4.0,6.0,25 تا 45 دقیقه
56412,396,رستوران سالن پذیرایی سادات مجلسی,0.0,0.0,20 تا 40 دقیقه
56413,1099,کترینگ آقا گل,4.43,7.0,20 تا 35 دقیقه
56414,534,رستوران کباب سنتی بناب,0.0,0.0,20 تا 35 دقیقه
56449,60,  مجموعه جاکباب,4.2,5.0,20 تا 35 دقیقه
56475,51,  غذای سپهر,4.68,37.0,20 تا 35 دقیقه
56520,596,غذای‌ایرانی کماجدون,0.0,0.0,20 تا 35 دقیقه
56560,132, پیتزا سمفونی,4.43,21.0,25 تا 45 دقیقه
56635,1059,کافه پاپاسی,0.0,0.0,25 تا 40 دقیقه
56702,69,  مستر جگر,5.0,8.0,20 تا 30 دقیقه
56765,315,رستوران ایتالیایی رونیز,3.84,57.0,20 تا 35 دقیقه
56803,123, صبحانه سرای لاله,0.0,0.0,
56813,738,فست فود سیبانا,4.11,9.0,25 تا 40 دقیقه
56887,71,  ممتازفود (بلوار مدرس),0.0,0.0,15 تا 30 دقیقه
56888,72,  ممتازفود (خیابان امام),0.0,0.0,25 تا 40 دقیقه
56889,721,فست فود دیپون,0.0,0.0,25 تا 45 دقیقه
56946,98,  کافه صبحانه ژیکان,4.29,14.0,30 تا 55 دقیقه
56992,47,  صبحانه سرای صدف ماندگار,0.0,0.0,15 تا 30 دقیقه
56998,130, پیتزا جلگه,0.0,0.0,20 تا 35 دقیقه
56999,814,فست فود نخود برگر,0.0,0.0,20 تا 35 دقیقه
57000,84,  پیتزا آبادیس,0.0,0.0,30 تا 50 دقیقه
57001,97,  کافه سلین,0.0,0.0,
57002,1035,کافه رستوران پترا,0.0,0.0,20 تا 35 دقیقه
57003,813,فست فود ناین فود,0.0,0.0,25 تا 45 دقیقه
57004,948,پیتزا قارچ طلایی,0.0,0.0,30 تا 60 دقیقه
57005,579,سوخاری ران سین,0.0,0.0,25 تا 40 دقیقه
57006,1089,کبابی صدیقی,0.0,0.0,
57052,442,رستوران فست فود آپو,0.0,0.0,
57053,263,تهیه غذای گندمک,4.36,965.0,20 تا 40 دقیقه
57203,858,فست فود چوبین,3.38,48.0,20 تا 40 دقیقه
57243,139,آبمیوه و بستنی ساواش,4.41,98.0,25 تا 45 دقیقه
57320,690,فست فود جگوار,4.59,1444.0,30 تا 60 دقیقه
57394,194,تهیه غذای بهار,4.1,513.0,30 تا 50 دقیقه
57460,275,رستوران آذربایجان,4.41,1577.0,40 تا 70 دقیقه
57498,436,رستوران غذای ترکی هلال,4.54,100.0,30 تا 50 دقیقه
57567,272,رستوران ---,0.0,0.0,20 تا 40 دقیقه
57568,737,فست فود سوپراستار,4.26,130.0,25 تا 45 دقیقه
57782,597,فست فود ----,4.33,9.0,20 تا 40 دقیقه
57808,193,تهیه غذای بریانک,4.06,123.0,30 تا 50 دقیقه
57833,225,تهیه غذای شالیز,4.29,594.0,30 تا 50 دقیقه
57869,260,تهیه غذای چشمک,4.31,84.0,30 تا 55 دقیقه
57882,926,پیتزا بوفالو,4.63,125.0,30 تا 55 دقیقه
57927,802,فست فود مونلایت,4.23,222.0,30 تا 60 دقیقه
57972,674,فست فود ترک دنر,3.73,88.0,35 تا 55 دقیقه
58116,1130,کترینگ صوفی,4.47,240.0,15 تا 30 دقیقه
58126,390,رستوران ریحون,4.26,103.0,30 تا 60 دقیقه
58150,599,فست فود 24 كژوال داینینگ,4.45,84.0,25 تا 50 دقیقه
58159,729,فست فود ستاره شهر,4.07,662.0,20 تا 35 دقیقه
58206,217,تهیه غذای سرآشپز ارومیه,4.18,309.0,25 تا 50 دقیقه
58249,701,فست فود خوش خوراک,3.88,285.0,25 تا 45 دقیقه
58309,1160,کترینگ گالان,3.43,46.0,25 تا 45 دقیقه
58329,765,فست فود فارم,4.61,61.0,35 تا 60 دقیقه
58364,0,  ---,3.93,15.0,30 تا 50 دقیقه
58430,810,فست فود ناپل,4.37,35.0,45 تا 70 دقیقه
58449,302,رستوران اکبر جوجه,4.69,85.0,30 تا 50 دقیقه
58500,117, ----,4.43,7.0,30 تا 60 دقیقه
58526,438,رستوران غزالVIP,4.44,221.0,30 تا 60 دقیقه
58601,909,مجموعه غذایی خونه خورشت ریحون,4.38,52.0,35 تا 50 دقیقه
58671,670,فست فود تامارا,4.5,141.0,30 تا 60 دقیقه
58702,119, باقلوا ترک محمدزاده,4.42,114.0,20 تا 40 دقیقه
58774,221,تهیه غذای سون استار,0.0,0.0,
58775,26,  خانه رستوران پادیاو,3.67,6.0,30 تا 60 دقیقه
58813,493,رستوران هور 2,4.6,20.0,25 تا 50 دقیقه
58866,607,فست فود آراز,4.05,103.0,20 تا 40 دقیقه
58938,116, ---,5.0,4.0,30 تا 50 دقیقه
58978,1092,کبابی و فست فود 98,4.38,13.0,20 تا 35 دقیقه
58993,435,رستوران غذای ترک و فست فود فلوریا,4.14,21.0,20 تا 40 دقیقه
59062,256,تهیه غذای پدیده فرهنگ,4.81,83.0,25 تا 45 دقیقه
59076,829,فست فود و تهیه غذای چاشنی,4.2,376.0,25 تا 45 دقیقه
59149,405,رستوران سوپراستار,4.6,5.0,20 تا 40 دقیقه
59225,186,تهیه غذای آفتاب,4.32,352.0,30 تا 60 دقیقه
59282,364,رستوران حاجی بابا,4.04,90.0,30 تا 60 دقیقه
59356,677,فست فود توت فرنگی,4.35,139.0,30 تا 60 دقیقه
59387,1088,کبابی آهور,4.38,48.0,30 تا 45 دقیقه
59463,120, تهیه غذای خانگی اباذری,0.0,0.0,20 تا 40 دقیقه
59481,268,خانه کباب +A,0.0,0.0,30 تا 55 دقیقه
59560,222,تهیه غذای سوین استار,4.52,168.0,30 تا 50 دقیقه
59612,172,اغذیه باربکیو,0.0,0.0,30 تا 60 دقیقه
59662,828,فست فود و بریانکده دورهمی,0.0,0.0,30 تا 60 دقیقه
59700,881,فست فود کوک,4.33,89.0,20 تا 40 دقیقه
59849,859,فست فود چیترا,3.93,15.0,30 تا 50 دقیقه
59869,1052,کافه فست فود گرین ویچ (سبز),3.51,35.0,20 تا 40 دقیقه
59911,646,فست فود برگر پلاس,4.25,24.0,25 تا 50 دقیقه
59942,776,فست فود فوکا,3.88,16.0,20 تا 40 دقیقه
60014,830,فست فود و کیترینگ هیزم,3.14,14.0,20 تا 40 دقیقه
60088,706,فست فود دانیال,5.0,4.0,20 تا 40 دقیقه
60089,880,فست فود کوثر,4.0,14.0,20 تا 40 دقیقه
60114,562,رستوران یاس,0.0,0.0,30 تا 50 دقیقه
60183,270,دنر کباب گوشت آنلاین,0.0,0.0,30 تا 50 دقیقه
60184,970,پیتزا یاس,0.0,0.0,39 تا 49 دقیقه
60263,1040,کافه رستوران کارالانژ,0.0,0.0,20 تا 40 دقیقه
60264,1091,کبابی و سیب زمینی آی اولدوز,0.0,0.0,20 تا 40 دقیقه
60343,1066,کافی شاپ آیس لندنوتلا,0.0,0.0,30 تا 50 دقیقه
60422,929,پیتزا تنوری رویال,0.0,0.0,20 تا 40 دقیقه
60501,437,رستوران غذای خانگی فودلند,0.0,0.0,30 تا 50 دقیقه
60578,587,غذای خانگی قابلمه,0.0,0.0,20 تا 40 دقیقه
60628,966,پیتزا کاکوتی اصل,4.11,9.0,30 تا 50 دقیقه
60673,347,رستوران بیف,0.0,0.0,30 تا 50 دقیقه
60674,585,غذای ترکی آدی یامان,4.2,5.0,30 تا 50 دقیقه
60750,823,فست فود هشت,0.0,0.0,30 تا 60 دقیقه
60826,133, پیزاویچ,0.0,0.0,25 تا 45 دقیقه
60827,666,فست فود بیست فود,3.98,51.0,25 تا 50 دقیقه
60857,1007,کافه رستوران شانلی,3.85,26.0,55 تا 85 دقیقه
60887,725,فست فود زاپاتا,4.18,309.0,30 تا 55 دقیقه
60912,500,رستوران و فست فود نارنج,4.17,385.0,35 تا 50 دقیقه
60941,154,آشپزخانه حاج حسین,3.8,196.0,40 تا 55 دقیقه
60973,335,رستوران برتر جوجه ایرانیان,4.4,121.0,30 تا 50 دقیقه
61001,616,فست فود آفتاب,4.24,152.0,25 تا 50 دقیقه
61032,811,فست فود ناپول,4.07,75.0,30 تا 60 دقیقه
61061,606,فست فود آر اف سی,3.92,80.0,30 تا 50 دقیقه
61089,1054,کافه مونالیزا,4.55,160.0,20 تا 40 دقیقه
61115,372,رستوران خوان,4.08,98.0,20 تا 40 دقیقه
61145,1002,کافه رستوران رومنس,4.48,414.0,35 تا 55 دقیقه
61176,294,رستوران افندی فود,4.24,176.0,30 تا 50 دقیقه
61206,129, پانسی کیک,4.73,15.0,
61230,465,رستوران ملل,4.32,152.0,50 تا 75 دقیقه
61253,835,فست فود ونیز,4.29,14.0,25 تا 45 دقیقه
61278,184,تهیه غذای آشپز باشی و چمچش,5.0,4.0,30 تا 50 دقیقه
61301,990,کافه رستوران اسکای,4.8,10.0,30 تا 50 دقیقه
61418,994,کافه رستوران برگ,0.0,0.0,30 تا 50 دقیقه
61530,246,تهیه غذای منظریه,0.0,0.0,30 تا 50 دقیقه
61634,488,رستوران هایدا,0.0,0.0,40 تا 60 دقیقه
61721,943,پیتزا سنگی,0.0,0.0,30 تا 50 دقیقه
61754,301,رستوران اورانوس,0.0,0.0,45 تا 75 دقیقه
61787,244,تهیه غذای مزه شمال,0.0,0.0,58 تا 88 دقیقه
61897,429,رستوران عقیق اراک,0.0,0.0,30 تا 50 دقیقه
62013,955,پیتزا ورونا,0.0,0.0,40 تا 60 دقیقه
62105,223,تهیه غذای سی نون,4.33,6.0,40 تا 60 دقیقه
62220,427,رستوران عالیجناب,0.0,0.0,30 تا 50 دقیقه
62221,333,رستوران بانی چو,0.0,0.0,30 تا 60 دقیقه
62327,527,رستوران ژیوان,0.0,0.0,20 تا 40 دقیقه
62434,931,پیتزا تک,0.0,0.0,40 تا 60 دقیقه
62492,234,تهیه غذای غذاچی,0.0,0.0,30 تا 50 دقیقه
62608,1020,کافه رستوران ماتادور,0.0,0.0,30 تا 50 دقیقه
